,Emotion_Affect,id,R,R2,RMSE,MAE,MSE,R2_CD,P_Value
1,Happy,K23101,0.03415384416,0.001166485071,1.761409692,1.538461538,3.102564103,-0.01197606118,0.7665770501
2,Happy,K23104,NA,0.5015994679,0.9189365835,0.7777777778,0.8444444444,0.4959358255,NA
3,Happy,K23106,0.4149457467,0.1721799727,1.322875656,1.019230769,1.75,0.1556235722,0.002223222433
4,Happy,K23107,0.09305084523,0.008658459798,1.640016821,1.448275862,2.689655172,-0.009044067705,0.4872200334
5,Happy,K23109,0.2633384819,0.06934715607,0.8755950358,0.6555555556,0.7666666667,0.05877155557,0.01214997548
6,Happy,K23114,-0.4746327691,0.2252762655,2.102629932,1.736842105,4.421052632,0.2037561618,0.002605568932
7,Happy,K23115,0.2995877613,0.08975282671,1.078971318,0.776119403,1.164179104,0.07574902405,0.01378030574
8,Happy,K23117,0.3295825711,0.1086246712,0.9944903162,0.7472527473,0.989010989,0.09860921806,0.001421801297
9,Happy,K23120,0.2328390363,0.05421401685,0.7510676162,0.5128205128,0.5641025641,0.04176946444,0.04022156097
10,Happy,K23121,0.2311250818,0.05341880342,0.8050764859,0.5740740741,0.6481481481,0.03521531887,0.09266060828
11,Happy,K23122,-0.1031726175,0.010644589,0.8451542547,0.6428571429,0.7142857143,-0.02740754219,0.6013602474
12,Happy,K23125,0.3421070808,0.1170372547,0.9792364932,0.7123287671,0.9589041096,0.1046011597,0.003051928276
13,Happy,K23126,0.3521142021,0.1239844113,1.414213562,1.135135135,2,0.1118175282,0.002093705498
14,Happy,K23128,0.3345699691,0.1119370643,0.9627197247,0.7804878049,0.9268292683,0.08916621975,0.03250980214
15,Happy,K23129,0.2531651204,0.06409257817,0.8857851797,0.6307692308,0.7846153846,0.04923690481,0.04187535648
16,Happy,K23130,0.4307032843,0.1855053191,0.6546536707,0.4285714286,0.4285714286,0.1608236622,0.009798699174
17,Happy,K23131,0.2536494832,0.06433806034,1.208209467,0.9540229885,1.459770115,0.05333027282,0.01776049151
18,Happy,K23133,0.2338021666,0.0546634531,0.8079466429,0.5138888889,0.6527777778,0.04115864529,0.04808177791
19,Happy,K23134,0.007606707509,5.79E-05,1.147638084,0.8780487805,1.317073171,-0.02558168,0.9623529887
20,Happy,K23136,0.3671596963,0.1348062426,0.7775931859,0.6046511628,0.6046511628,0.1137039558,0.01543790461
21,Happy,K23139,0.462022911,0.2134651703,1,0.6859504132,1,0.2068556339,9.58E-08
22,Happy,K23141,0.07194769342,0.005176470588,0.9187795406,0.7402597403,0.8441558442,-0.008087843137,0.5340610909
23,Happy,K23142,0.1470047962,0.02161041012,1.503083251,1.203703704,2.259259259,0.01238031965,0.128963296
24,Happy,K23143,0.2832684367,0.08024100724,1.389521224,1.176923077,1.930769231,0.07305539011,0.001091857803
25,Happy,K23144,0.2625369332,0.06892564127,0.9128709292,0.6666666667,0.8333333333,0.06176353082,0.002356664018
26,Happy,K23145,0.2437059832,0.05939260623,1.110555417,0.9,1.233333333,0.04317523737,0.0605965135
27,Happy,K23147,0.2462591407,0.06064356436,1.255291829,1.090909091,1.575757576,0.03034174385,0.1671291103
28,Happy,K23148,0.4884677936,0.2386007854,1.221027883,0.9454545455,1.490909091,0.2242347625,0.0001546188953
29,Happy,K23150,0.2707745006,0.07331883016,0.8770580193,0.6461538462,0.7692307692,0.05860960525,0.02913699933
30,Happy,K23151,0.3889775548,0.1513035382,1.467598771,1.230769231,2.153846154,0.128365796,0.01439012719
31,Happy,K23153,0.3394128617,0.1152010907,1.5,1.083333333,2.25,0.08917759333,0.04285003309
32,Happy,K23155,-0.1844199469,0.03401071681,1.238904242,0.8372093023,1.534883721,0.01045000259,0.2364626411
33,Happy,K23156,-0.01992047682,0.0003968253968,0.7385489459,0.5454545455,0.5454545455,-0.02340325019,0.8978750761
34,Happy,K23502,0.3184208015,0.1013918068,1.949358869,1.773333333,3.8,0.08908210552,0.00536678778
35,Happy,K23503,0.4774935608,0.2280001006,1.570271768,1.424657534,2.465753425,0.2171268626,1.94E-05
36,Happy,K23507,0.3167745985,0.1003461463,1.498858013,1.260273973,2.246575342,0.08767496522,0.006323624726
37,Happy,K23508,-0.06647321069,0.004418687739,1.638356044,1.350877193,2.684210526,-0.01368279067,0.6232233573
38,Happy,K23509,0.3293692671,0.1084841141,0.8725615373,0.5795454545,0.7613636364,0.09811765032,0.001727318338
39,Happy,K23510,0.07338639238,0.005385562586,1.555634919,1.24,2.42,-0.004763564326,0.4680738013
40,Happy,K23517,0.1751613409,0.03068149535,1.058300524,0.8,1.12,0.01740315967,0.1328105554
41,Happy,K23521,0.4985272428,0.2485294118,1.208304597,1.02,1.46,0.2328737745,0.0002290957227
42,Happy,K23526,0.1372756908,0.01884461529,1.799470822,1.571428571,3.238095238,0.006879305724,0.2130563401
43,Happy,K23529,0.2345378585,0.05500800708,1.376892637,1.145833333,1.895833333,0.03446470289,0.1085898151
44,Happy,K23531,0.2545029194,0.06477173597,1.849149761,1.677419355,3.419354839,0.03252248549,0.1670774232
45,Happy,K23532,0.2547045097,0.06487438725,0.8905635566,0.6551724138,0.7931034483,0.0302401053,0.1823981322
46,Happy,K23533,0.02813420557,0.0007915335229,1.12422813,0.8194444444,1.263888889,-0.01348287314,0.814523092
47,Happy,K23536,0.4463935077,0.1992671638,1.658312395,1.416666667,2.75,0.1854614252,0.0003502241768
48,Happy,K23537,0.5240654737,0.2746446207,1.005420094,0.7717391304,1.010869565,0.2665851165,8.27E-08
49,Happy,K23540,0.5338087828,0.2849518166,1.252448582,0.862745098,1.568627451,0.2703589965,5.48E-05
50,Happy,K23541,0.450224295,0.2027019158,1.208304597,0.98,1.46,0.186091539,0.00103563466
51,Happy,K23548,0.4786894745,0.229143613,1.2344268,0.9841269841,1.523809524,0.216506623,7.23E-05
52,Happy,K23551,0.1628774008,0.02652904768,1.852925615,1.366666667,3.433333333,0.009745065746,0.2137109403
53,Happy,K23552,0.1063295528,0.0113059738,1.197824114,0.9130434783,1.434782609,-0.01116434498,0.4818606831
54,Happy,K23555,0.1407493433,0.01981037764,2.070196678,1.904761905,4.285714286,0.00374169531,0.271210028
55,Happy,K23556,-0.0534308803,0.00285485897,0.9863939238,0.7567567568,0.972972973,-0.0256350022,0.753462768
56,Happy,K23557,0.4452162606,0.1982175187,1.194349441,0.9264705882,1.426470588,0.1860692993,0.0001422148548
57,Happy,K23559,0.5306367315,0.2815753409,0.9422075684,0.6632653061,0.887755102,0.2740917507,1.91E-08
58,Happy,K23563,0.2025362723,0.0410209416,1.105541597,0.7333333333,1.222222222,0.01871910303,0.1821059876
59,Happy,K23565,0.4368590586,0.1908458371,1.549193338,1.353846154,2.4,0.1780021202,0.0002743810308
60,Happy,KTFG534,0.6444893809,0.4153665621,0.9054390205,0.6396396396,0.8198198198,0.4100029525,2.31E-14
61,Happy,KTGF118,0.1190487719,0.01417261009,0.8219949365,0.5675675676,0.6756756757,0.0004805630076,0.3123709249
62,Happy,KTGF119,0.1791584133,0.03209773705,0.8257228238,0.5909090909,0.6818181818,0.0169742642,0.1500499472
63,Happy,KTGF120,0.356226425,0.1268972658,1.182057644,0.9315068493,1.397260274,0.1146000442,0.001979981366
64,Happy,KTGF122,0.3412111732,0.1164250647,1.016902606,0.7613636364,1.034090909,0.1061509376,0.001140743715
65,Happy,KTGF124,0.1988603896,0.03954545455,0.7768193328,0.4655172414,0.6034482759,0.02239448052,0.1345238486
66,Happy,KTGF125,0.1298402878,0.01685850034,0.777428842,0.5384615385,0.6043956044,0.005811966641,0.2199445857
67,Happy,KTGF126,0.06356654716,0.004040705918,1.127714117,0.8369565217,1.27173913,-0.007025508461,0.5471862243
68,Happy,KTGF127,0.3965412517,0.1572449643,1.38443731,1.138888889,1.916666667,0.1324580514,0.01664900571
69,Happy,KTGF129,0.3974376652,0.1579566977,1.190238071,0.9583333333,1.416666667,0.1489987902,6.08E-05
70,Happy,KTGF130,0.3461022687,0.1197867804,1.166666667,0.8611111111,1.361111111,0.1072123058,0.002901351271
71,Happy,KTGF136,0.3525680506,0.1243042303,1.449841652,1.204081633,2.102040816,0.1056724054,0.01296895563
72,Happy,KTGF138,0.2949983163,0.08702400662,0.907485213,0.5882352941,0.8235294118,0.05849350683,0.09032085193
73,Happy,KTGF142,0.3177244639,0.100948835,1.585922922,1.424242424,2.515151515,0.07194718449,0.07157287025
74,Happy,KTGF143,0.3370606286,0.1136098674,0.7637626158,0.5555555556,0.5833333333,0.1009471512,0.003788738224
75,Happy,KTGF146,0.2275419744,0.0517753501,1.671063383,1.20754717,2.79245283,0.0331827099,0.1012957737
76,Happy,KTGF147,0.1446153416,0.02091359703,0.924804389,0.6710526316,0.8552631579,0.007682699691,0.2126187125
77,Happy,KTGF148,0.1418607972,0.02012448578,0.9439751633,0.7128712871,0.8910891089,0.01022675331,0.1570376697
78,Happy,KTGF150,0.1160796912,0.01347449471,0.6123724357,0.375,0.375,-0.004794496132,0.3942396029
79,Happy,KTGF153,0.2709506309,0.07341424437,0.6624013211,0.4387755102,0.4387755102,0.06376230941,0.006964542609
80,Happy,KTGF154,0.1910211008,0.03648906096,0.7745966692,0.5294117647,0.6,0.02488049543,0.07990870958
81,Happy,KTGF156,0.2730616318,0.07456265478,0.790569415,0.5833333333,0.625,0.06471757664,0.007107650474
82,Happy,KTGF157,0.3828433042,0.1465689956,1.092647039,0.8265306122,1.193877551,0.1376790893,1.00E-04
83,Happy,KTGF158,0.4383651189,0.1921639775,0.9115842887,0.6901408451,0.8309859155,0.180456209,0.000131516717
84,Happy,KTGF527,0.3136283815,0.09836276168,1.164964745,0.880952381,1.357142857,0.0873671856,0.0036718523
85,Happy,KTGF528,0.4222583969,0.1783021538,1.050030525,0.7948717949,1.102564103,0.1560941039,0.007412285082
86,Happy,KTGF533,0.228666337,0.05228829368,1.178817369,0.9220779221,1.38961039,0.03965213759,0.04546713802
87,Happy,KTGF540,0.1094875927,0.01198753297,1.771690969,1.583333333,3.138888889,-0.01707165724,0.5250000248
88,Happy,KTGF544,0.5207128392,0.2711418609,1.307032262,1.145833333,1.708333333,0.2633880509,5.38E-08
89,Happy,KTGF545,0.3340920882,0.1116175234,1.757128339,1.5125,3.0875,0.1002280045,0.002455948474
90,Happy,KTGF549,0.3842713542,0.1476644737,1.58113883,1.444444444,2.5,0.1225957817,0.02067334384
91,Happy,KTGF550,0.2650546342,0.0702539591,1.524491415,1.305555556,2.324074074,0.06148277003,0.005567153802
92,Happy,KTGF553,0.2816000448,0.07929858522,1.278439909,0.9892473118,1.634408602,0.06918098725,0.006247605801
93,Happy,KTGF556,0.5272852601,0.2780297455,1.023169096,0.796875,1.046875,0.266385064,7.58E-06
94,Happy,KTGF557,0.5356081056,0.2868760427,0.9800644447,0.7236842105,0.9605263158,0.2772392325,6.18E-07
95,Happy,KTGF561,0.2520371236,0.06352271167,1.206045378,0.8636363636,1.454545455,0.05263344088,0.01784154539
96,Happy,KTGF562,0.2177877912,0.04743152199,1.349353444,1.08490566,1.820754717,0.0382722097,0.02491820351
97,Happy,KTGF565,0.2165286682,0.04688466413,0.9668415634,0.7608695652,0.9347826087,0.02522295195,0.1483557667
98,Happy,KTGF570,0.1756517353,0.03085353211,0.9574271078,0.75,0.9166666667,0.009785130637,0.2324060098
99,Happy,KTGF572,0.1238738504,0.01534473081,1.152209272,0.8793103448,1.327586207,-0.002238398999,0.3542207495
100,Sad,K23101,0.2105514107,0.04433189655,1.901416476,1.692307692,3.615384615,0.03175731624,0.06426768308
101,Sad,K23104,NA,NA,0.557773351,0.3111111111,0.3111111111,NA,NA
102,Sad,K23106,0.2950459605,0.08705211881,0.909353109,0.7115384615,0.8269230769,0.06879316118,0.03371967894
103,Sad,K23107,0.1606803332,0.02581816947,1.114172029,0.7931034483,1.24137931,0.008422065357,0.228236459
104,Sad,K23109,0.3007467792,0.09044862518,1.090361816,0.7666666667,1.188888889,0.0801128141,0.003973595312
105,Sad,K23114,-0.2177142738,0.04739950502,1.835325871,1.473684211,3.368421053,0.02093838016,0.1891613359
106,Sad,K23115,0.3888672672,0.1512177515,0.7531030335,0.5074626866,0.5671641791,0.1381595631,0.001145417173
107,Sad,K23117,0.3733796452,0.1394123594,1.104436607,0.8241758242,1.21978022,0.1297428354,0.000267035477
108,Sad,K23120,0.4503912211,0.202852252,0.6602252918,0.4358974359,0.4358974359,0.1923634659,3.51E-05
109,Sad,K23121,0.2920426545,0.08528891202,0.8277591348,0.5740740741,0.6851851852,0.06769831418,0.0321286598
110,Sad,K23122,0.164852118,0.02717622081,0.8509629434,0.5862068966,0.724137931,-0.008854289534,0.3927865945
111,Sad,K23125,0.419663544,0.1761174901,1.205012363,0.9589041096,1.452054795,0.1645135111,0.0002191083575
112,Sad,K23126,0.2955941958,0.0873759286,1.097943283,0.8493150685,1.205479452,0.07452206844,0.01111766231
113,Sad,K23128,0.06814188283,0.004643316195,1.158215617,0.9024390244,1.341463415,-0.02087865006,0.6720616446
114,Sad,K23129,0.015625,0.000244140625,1.163548948,0.8923076923,1.353846154,-0.015625,0.9016826704
115,Sad,K23130,0.4002256524,0.1601805729,0.8783100657,0.6571428571,0.7714285714,0.1347314993,0.01720430051
116,Sad,K23131,0.2054429763,0.04220681652,0.9826073689,0.6896551724,0.9655172414,0.03093866142,0.05626924719
117,Sad,K23133,0.1800176912,0.03240636914,1.252774698,1.013888889,1.569444444,0.01858360299,0.1302393982
118,Sad,K23134,0.01287172128,0.0001656812086,0.9877295966,0.6829268293,0.9756097561,-0.0254710962,0.9363377772
119,Sad,K23136,0.459984343,0.2115855958,1.045477525,0.8604651163,1.093023256,0.1923559762,0.001912986584
120,Sad,K23139,0.2410717228,0.05811557556,0.8576346484,0.5371900826,0.7355371901,0.05020058039,0.007729377667
121,Sad,K23141,NA,NA,0.4108907018,0.1428571429,0.1688311688,NA,NA
122,Sad,K23142,0.4399818983,0.1935840708,0.5773502692,0.2407407407,0.3333333333,0.1859763734,1.89E-06
123,Sad,K23143,0.001402506267,1.97E-06,0.9647638212,0.7461538462,0.9307692308,-0.007810517609,0.9873647542
124,Sad,K23144,0.2060741417,0.04246655187,1.083020005,0.8421052632,1.172932331,0.03515713624,0.01732528961
125,Sad,K23145,0.6211142623,0.3857829268,0.894427191,0.6666666667,0.8,0.3751929772,1.19E-07
126,Sad,K23147,0.2890625,0.08355712891,1.058873043,0.8181818182,1.121212121,0.05399445565,0.1027734664
127,Sad,K23148,0.4565935922,0.2084777085,1.167748416,0.9272727273,1.363636364,0.1935433256,0.000458528992
128,Sad,K23150,0.3347702579,0.1120711256,1.150250809,0.9538461538,1.323076923,0.09797701647,0.006415234999
129,Sad,K23151,0.04909819639,0.002410632889,1.300887271,0.9743589744,1.692307692,-0.0245512419,0.7666030133
130,Sad,K23153,0.2459347692,0.06048391071,1.247219129,0.9444444444,1.555555556,0.03285108455,0.1482203667
131,Sad,K23155,0.4634897747,0.2148227712,0.7470873676,0.4186046512,0.5581395349,0.1956721071,0.001747078334
132,Sad,K23156,-0.1252448582,0.01568627451,1.011299794,0.8409090909,1.022727273,-0.007749766573,0.4179053496
133,Sad,K23502,0.3638034376,0.1323529412,1.019803903,0.7733333333,1.04,0.120467365,0.001334686547
134,Sad,K23503,0.1787775462,0.03196141103,1.116501385,0.8630136986,1.246575342,0.01832706471,0.1301951452
135,Sad,K23507,-0.0174093268,0.0003030846596,1.116501385,0.8082191781,1.246575342,-0.01377715358,0.8837721222
136,Sad,K23508,0.03628918133,0.001316904682,1.42040271,1.140350877,2.01754386,-0.01684096978,0.7887026234
137,Sad,K23509,0.4267177541,0.1820880416,0.891882585,0.6363636364,0.7954545455,0.1725774375,3.39E-05
138,Sad,K23510,0.2977098006,0.08863112536,1.161895004,0.87,1.35,0.07933144297,0.002628077627
139,Sad,K23517,0.2817555469,0.07938618821,1.509966887,1.16,2.28,0.0667750401,0.01432828176
140,Sad,K23521,0.3079705149,0.09484583802,1.435270009,1.14,2.06,0.07598845965,0.02957115797
141,Sad,K23526,0.3475878111,0.1208172864,1.214985793,0.9523809524,1.476190476,0.110095546,0.00119695753
142,Sad,K23529,0.340607413,0.1160134098,1.198957881,0.8541666667,1.4375,0.09679630997,0.01784063057
143,Sad,K23531,0.5778518855,0.3339128016,1.295152252,1.096774194,1.677419355,0.3109442775,0.0006633664699
144,Sad,K23532,0.2196448425,0.04824385684,0.8709883407,0.6206896552,0.7586206897,0.01299362931,0.2522742489
145,Sad,K23533,0.1284872059,0.01650896207,1.307032262,1.041666667,1.708333333,0.002459090097,0.2820904852
146,Sad,K23536,0.1438059354,0.02068014706,1.264911064,1,1.6,0.003795322008,0.2729941961
147,Sad,K23537,0.3841472632,0.1475691198,1.098417834,0.8369565217,1.206521739,0.1380976656,0.0001566004983
148,Sad,K23540,0.1360678544,0.018514461,1.407264068,1.117647059,1.980392157,-0.001515856123,0.3410632492
149,Sad,K23541,0.3187144088,0.1015788743,1.29614814,0.92,1.68,0.08286176756,0.0240810318
150,Sad,K23548,0.4540504695,0.2061618288,0.9920317455,0.6984126984,0.9841269841,0.1931480883,0.0001856844929
151,Sad,K23551,0.2696059214,0.07268735285,1.183215957,0.6666666667,1.4,0.05669920376,0.03723544845
152,Sad,K23552,0.1458624321,0.0212758491,1.160959124,0.8695652174,1.347826087,-0.0009678816022,0.3334203064
153,Sad,K23555,0.2870976366,0.08242505294,0.806717826,0.5238095238,0.6507936508,0.06738284069,0.02252515785
154,Sad,K23556,0.4604242491,0.2119904891,0.9725975252,0.7297297297,0.9459459459,0.1894759317,0.004137002452
155,Sad,K23557,0.5134629752,0.2636442269,0.9926198253,0.6911764706,0.9852941176,0.2524873212,7.54E-06
156,Sad,K23559,0.443115264,0.1963511372,1.491472358,1.244897959,2.224489796,0.1879797948,4.90E-06
157,Sad,K23563,0.3026603237,0.09160327152,1.468181036,1.222222222,2.155555556,0.0704777662,0.04329580337
158,Sad,K23565,0.3491519245,0.1219070664,1.723145603,1.553846154,2.969230769,0.1079690833,0.004363150047
159,Sad,KTFG534,0.4783983707,0.2288650011,1.193073101,0.8468468468,1.423423423,0.2217903681,1.09E-07
160,Sad,KTGF118,0.2923059215,0.08544275172,1.278724026,1.067567568,1.635135135,0.07274056772,0.01149898504
161,Sad,KTGF119,NA,NA,0.2752409413,0.07575757576,0.07575757576,NA,NA
162,Sad,KTGF120,0.1264557927,0.01599106752,1.097943283,0.8493150685,1.205479452,0.002131786778,0.2863886906
163,Sad,KTGF122,0.219073134,0.04799303805,0.9711754827,0.6704545455,0.9431818182,0.03692318965,0.04029752979
164,Sad,KTGF124,0.01076896925,0.0001159706987,1.181757896,0.9137931034,1.396551724,-0.01773910125,0.9360535581
165,Sad,KTGF125,0.2873098638,0.08254695783,1.074172311,0.7582417582,1.153846154,0.07223849668,0.005756309536
166,Sad,KTGF126,-0.1580533429,0.02498085921,0.8340576562,0.5869565217,0.6956521739,0.0141473132,0.1323903937
167,Sad,KTGF127,0.1794610343,0.03220626282,1.067187373,0.6388888889,1.138888889,0.003741741143,0.2949622614
168,Sad,KTGF129,0.1946749818,0.03789834855,0.9947780322,0.7395833333,0.9895833333,0.0276632246,0.05734678423
169,Sad,KTGF130,0.09068764579,0.008224249098,1.285604052,0.9861111111,1.652777778,-0.005943975915,0.4486870648
170,Sad,KTGF136,-0.105172174,0.01106118618,1.406979686,1.163265306,1.979591837,-0.009980065179,0.4720188346
171,Sad,KTGF138,0.4897871039,0.2398914072,1.200490096,0.7941176471,1.441176471,0.2161380137,0.003280541362
172,Sad,KTGF142,0.7330768608,0.5374016838,1.058873043,0.8787878788,1.121212121,0.5224791575,1.22E-06
173,Sad,KTGF143,0.2935678865,0.086182104,1.38443731,1.25,1.916666667,0.07312756263,0.01232076248
174,Sad,KTGF146,0.1689722973,0.02855163726,1.220887398,0.7735849057,1.490566038,0.009503630144,0.2264615807
175,Sad,KTGF147,0.08943889837,0.007999316541,0.8810878444,0.6184210526,0.7763157895,-0.0054060981,0.4422914123
176,Sad,KTGF148,0.1441506768,0.02077941763,1.202308011,0.9504950495,1.445544554,0.01088830064,0.1503809599
177,Sad,KTGF150,0.02273525477,0.0005168918094,0.9063269672,0.6428571429,0.8214285714,-0.01799205464,0.8679057479
178,Sad,KTGF153,0.1605147269,0.02576497754,1.030157507,0.8163265306,1.06122449,0.01561669605,0.1143629204
179,Sad,KTGF154,-0.01333142294,0.0001777268375,0.9203579866,0.7529411765,0.8470588235,-0.01186832465,0.9036156626
180,Sad,KTGF156,0.1571797018,0.02470545866,1.050793351,0.7083333333,1.104166667,0.01432998482,0.1261678471
181,Sad,KTGF157,0.1070852001,0.01146724009,1.343920552,1.051020408,1.806122449,0.001170023839,0.2939438377
182,Sad,KTGF158,0.5823018043,0.3390753913,0.9568139619,0.6901408451,0.9154929577,0.3294967738,1.00E-07
183,Sad,KTGF527,0.4986050874,0.2486070332,1.128631704,0.8452380952,1.273809524,0.2394437043,1.39E-06
184,Sad,KTGF528,0.3828838227,0.1466000217,1.395964881,1.025641026,1.948717949,0.1235351574,0.01613757011
185,Sad,KTGF533,0.2707620172,0.07331206997,1.485864128,1.142857143,2.207792208,0.06095623091,0.01723110037
186,Sad,KTGF540,-0.3351708449,0.1123394953,1.247219129,0.8888888889,1.555555556,0.08623183336,0.04568709409
187,Sad,KTGF544,0.3990215064,0.1592181626,1.77071078,1.53125,3.135416667,0.1502736749,5.65E-05
188,Sad,KTGF545,0.2602674116,0.06773912553,1.048808848,0.825,1.1,0.05578706304,0.01972162348
189,Sad,KTGF549,0.03308755999,0.001094786626,1.343709625,1.083333333,1.805555556,-0.02828477847,0.8480779953
190,Sad,KTGF550,0.09489630632,0.009005308953,1.182433147,0.8055555556,1.398148148,-0.0003436975661,0.3286074458
191,Sad,KTGF553,0.06576323842,0.004324803527,1.16397539,0.9247311828,1.35483871,-0.006616682149,0.53111892
192,Sad,KTGF556,0.3315438731,0.1099213398,1.218349293,0.953125,1.484375,0.09556523234,0.007445599306
193,Sad,KTGF557,0.4961777723,0.2461923817,1.019545823,0.75,1.039473684,0.2360057923,5.16E-06
194,Sad,KTGF561,0.2080242163,0.04327407458,0.9474847084,0.6931818182,0.8977272727,0.03214935451,0.05179053165
195,Sad,KTGF562,0.3630519456,0.1318067152,1.090265676,0.7924528302,1.188679245,0.1234587029,0.0001308302384
196,Sad,KTGF565,0.2937742431,0.08630330589,0.8597269536,0.5652173913,0.7391304348,0.06553747193,0.04752339367
197,Sad,KTGF570,0.01748075445,0.0003055767762,0.9242113755,0.5625,0.8541666667,-0.02142691069,0.9061257212
198,Sad,KTGF572,0.2739879188,0.07506937967,0.8407714028,0.5344827586,0.7068965517,0.05855276145,0.0374141871
199,Nervous,K23101,0.1941950905,0.03771173316,2.166173514,1.923076923,4.692307692,0.02505004543,0.08844572887
200,Nervous,K23104,0.2751897177,0.07572938071,1.032795559,0.5555555556,1.066666667,0.06522630549,0.008662941457
201,Nervous,K23106,-0.04381079543,0.001919385797,1.344504484,1.076923077,1.807692308,-0.01804222649,0.7577837326
202,Nervous,K23107,0.3515222606,0.1235678997,1.066738503,0.8620689655,1.137931034,0.1079173264,0.006814392303
203,Nervous,K23109,0.09969721747,0.009939535171,1.295290615,1.011111111,1.677777778,-0.00131115193,0.3498285763
204,Nervous,K23114,-0.4441328955,0.1972540288,1.877848713,1.473684211,3.526315789,0.1749555296,0.005216721993
205,Nervous,K23115,0.3803722575,0.1446830542,1.058018424,0.7910447761,1.119402985,0.131524332,0.001497584326
206,Nervous,K23117,0.3069901581,0.09424295715,1.402378931,1.144444444,1.966666667,0.08395026348,0.00324974266
207,Nervous,K23120,0.08073201663,0.006517658509,1.702185624,1.487179487,2.897435897,-0.006554477563,0.4822785881
208,Nervous,K23121,0.4146824812,0.1719615602,1.420745761,1.166666667,2.018518519,0.1560377441,0.001822964199
209,Nervous,K23122,0.3680986319,0.1354966028,1.691765044,1.344827586,2.862068966,0.1034779585,0.0494512203
210,Nervous,K23125,0.2305743353,0.0531645241,1.604787358,1.369863014,2.575342466,0.03982881317,0.04969762789
211,Nervous,K23126,0.2384808739,0.05687312723,1.493227956,1.256756757,2.22972973,0.04377414289,0.04073778091
212,Nervous,K23128,0.06732089363,0.00453210272,1.584990575,1.292682927,2.512195122,-0.02099271516,0.6757948564
213,Nervous,K23129,0.2123013367,0.04507185757,1.403292831,1.169230769,1.969230769,0.02991426801,0.08953967525
214,Nervous,K23130,-0.2221047376,0.04933051445,1.707127914,1.485714286,2.914285714,0.02052234822,0.1997176799
215,Nervous,K23131,0.4235057117,0.1793570879,1.21295687,1.011494253,1.471264368,0.1697024654,4.37E-05
216,Nervous,K23133,0.2380569039,0.05667108949,1.399404635,1.152777778,1.958333333,0.0431949622,0.04404345365
217,Nervous,K23134,0.4117882308,0.169569547,1.538133173,1.195121951,2.365853659,0.1482764585,0.007472331216
218,Nervous,K23136,0.5031933475,0.2532035449,1.438668635,1.23255814,2.069767442,0.2349889972,0.0005831738738
219,Nervous,K23139,NA,NA,1.212878551,0.7933884298,1.47107438,NA,NA
220,Nervous,K23141,NA,NA,0.8217814036,0.3376623377,0.6753246753,NA,NA
221,Nervous,K23142,-0.08101958672,0.006564173432,1.004618962,0.5648148148,1.009259259,-0.002807862667,0.4045321725
222,Nervous,K23143,0.2259513081,0.05105399364,1.408763779,1.138461538,1.984615385,0.04364035297,0.00974133438
223,Nervous,K23144,0.1563334551,0.02444014919,1.476635069,1.248120301,2.180451128,0.01699312742,0.07233995854
224,Nervous,K23145,0.4522001283,0.204484956,1.402378931,1.133333333,1.966666667,0.1907691794,0.0002864939929
225,Nervous,K23147,-0.05025879548,0.002525946523,1.566698904,1.303030303,2.454545455,-0.02965063585,0.7811981987
226,Nervous,K23148,0.4809556275,0.2313183156,1.606803716,1.454545455,2.581818182,0.2168148876,0.0002017065115
227,Nervous,K23150,0.0294981738,0.0008701422577,1.451789347,1.184615385,2.107692308,-0.01498906183,0.8155609978
228,Nervous,K23151,0.3847724067,0.1480498049,1.219499687,0.9743589744,1.487179487,0.125024124,0.01557784331
229,Nervous,K23153,-0.06858461545,0.004703849477,1.166666667,0.9166666667,1.361111111,-0.02456956672,0.6910331043
230,Nervous,K23155,0.1286674807,0.01655532058,1.422411971,1,2.023255814,-0.007431135015,0.4109101805
231,Nervous,K23156,0.06218797609,0.00386734437,1.732050808,1.409090909,3,-0.01985009981,0.6884043061
232,Nervous,K23502,0.3989078763,0.1591274938,1.064581295,0.7866666667,1.133333333,0.1476086923,0.0003926385414
233,Nervous,K23503,0.2067972499,0.04276510258,1.110349815,0.8219178082,1.232876712,0.02928292093,0.07918926908
234,Nervous,K23507,-0.08083440579,0.006534201159,1.394706234,1.178082192,1.945205479,-0.007458274881,0.496604014
235,Nervous,K23508,0.1927759187,0.03716255483,1.242521488,1.052631579,1.543859649,0.01965641946,0.1508040602
236,Nervous,K23509,0.2394438791,0.05733337122,1.238584236,0.9659090909,1.534090909,0.04637213135,0.02464908466
237,Nervous,K23510,0.201195152,0.04047948919,1.220655562,0.93,1.49,0.03068846357,0.04472500393
238,Nervous,K23517,0.04908906441,0.002409736245,1.460593487,1.093333333,2.133333333,-0.01125588381,0.6757747833
239,Nervous,K23521,0.2245540808,0.05042453521,1.525296893,1.224489796,2.326530612,0.03022080191,0.1208574814
240,Nervous,K23526,0.08917111021,0.007951486896,1.38443731,1.083333333,1.916666667,-0.004146665703,0.4198799241
241,Nervous,K23529,0.1473025463,0.02169804014,1.299038106,1.0625,1.6875,0.0004306062259,0.31774416
242,Nervous,K23531,0.2919781703,0.08525125191,1.092496401,0.8709677419,1.193548387,0.05370819163,0.1109780811
243,Nervous,K23532,0.4551859451,0.2071942446,1.351882468,1.068965517,1.827586207,0.1778310685,0.01309649523
244,Nervous,K23533,0.1091070047,0.01190433847,1.099242163,0.7916666667,1.208333333,-0.002211313837,0.3615958981
245,Nervous,K23536,0.3120360557,0.09736650008,1.5,1.316666667,2.25,0.08180385353,0.01521946119
246,Nervous,K23537,0.1960194153,0.03842361118,1.242368005,0.9782608696,1.543478261,0.02773942908,0.06111583621
247,Nervous,K23540,0.1034374241,0.0106993007,1.019419289,0.7647058824,1.039215686,-0.009490509491,0.4700984315
248,Nervous,K23541,0.3422813043,0.1171564913,1.256980509,0.98,1.58,0.09876391816,0.0149714691
249,Nervous,K23548,0.2760628564,0.07621070069,1.588650221,1.349206349,2.523809524,0.06106661382,0.02852031254
250,Nervous,K23551,0.1471092298,0.0216411255,1.169045194,0.7,1.366666667,0.004772869045,0.2620121014
251,Nervous,K23552,0.5412092951,0.2929075011,1.103354569,0.7826086957,1.217391304,0.276837217,0.0001028953688
252,Nervous,K23555,0.06751083656,0.004557713053,1.41981443,1.158730159,2.015873016,-0.01176101296,0.5990822905
253,Nervous,K23556,0.1145503552,0.01312178388,1.815846166,1.567567568,3.297297297,-0.01507473658,0.4996155265
254,Nervous,K23557,0.08898139565,0.007917688772,1.30045241,1.014705882,1.691176471,-0.007113861398,0.470547322
255,Nervous,K23559,0.4206746882,0.1769671933,1.281739889,0.9693877551,1.642857143,0.1683939349,1.61E-05
256,Nervous,K23563,0.08340464985,0.006956335616,1.192569588,0.9333333333,1.422222222,-0.01613770309,0.585958714
257,Nervous,K23565,0.2550167498,0.06503354268,1.283025271,1.061538462,1.646153846,0.05019280526,0.0403498699
258,Nervous,KTFG534,0.3931482686,0.1545655611,1.259200375,0.9369369369,1.585585586,0.1468092819,1.97E-05
259,Nervous,KTGF118,0.3824444135,0.1462637294,1.315191898,1.081081081,1.72972973,0.1344062812,0.0007718117902
260,Nervous,KTGF119,NA,NA,0.7071067812,0.4090909091,0.5,NA,NA
261,Nervous,KTGF120,0.1301900506,0.01694944927,1.158648244,0.9863013699,1.342465753,0.003103666867,0.2722805978
262,Nervous,KTGF122,0.1499028797,0.02247087333,1.092328622,0.8295454545,1.193181818,0.01110425558,0.1633183055
263,Nervous,KTGF124,0.2618934671,0.06858818812,1.114172029,0.8620689655,1.24137931,0.05195583434,0.04704287556
264,Nervous,KTGF125,0.3339956685,0.1115531066,1.402509525,1.153846154,1.967032967,0.1015705572,0.001214229606
265,Nervous,KTGF126,0.07271164197,0.005286982878,1.229174343,0.9456521739,1.510869565,-0.005765383979,0.4909475876
266,Nervous,KTGF127,0.03389538403,0.001148897059,1.108409414,0.8285714286,1.228571429,-0.02911931818,0.8467236124
267,Nervous,KTGF129,0.2596481469,0.06741716017,1.5,1.25,2.25,0.05749606613,0.01062882411
268,Nervous,KTGF130,-0.1787708141,0.03195900397,1.338531534,1.069444444,1.791666667,0.01812984689,0.1329667752
269,Nervous,KTGF136,-0.2101212039,0.04415092032,1.332482722,1.163265306,1.775510204,0.02381370586,0.1473063474
270,Nervous,KTGF138,NA,NA,1.137592918,0.8235294118,1.294117647,NA,NA
271,Nervous,KTGF142,0.06612124528,0.004372019078,1.53741223,1.272727273,2.363636364,-0.02774501256,0.7146693752
272,Nervous,KTGF143,0.04851782865,0.002353979697,1.615893286,1.361111111,2.611111111,-0.01189810631,0.6856827577
273,Nervous,KTGF146,0.1499309369,0.02247928584,1.243852809,0.8301886792,1.547169811,0.003312213009,0.2839188228
274,Nervous,KTGF147,-0.00724694764,5.25E-05,1.357241785,1.131578947,1.842105263,-0.01346028556,0.9504583756
275,Nervous,KTGF148,0.1883002994,0.03545700277,1.210514987,1.00990099,1.465346535,0.02571414421,0.05932927622
276,Nervous,KTGF150,0.09946551515,0.009893388704,1.663687814,1.446428571,2.767857143,-0.008441918913,0.4657842898
277,Nervous,KTGF153,0.2473088844,0.06116168431,1.410601261,1.153061224,1.989795918,0.05138211853,0.01408510867
278,Nervous,KTGF154,0.3552524578,0.1262043088,1.564307778,1.388235294,2.447058824,0.1156766499,0.0008490002598
279,Nervous,KTGF156,0.4590392508,0.2107170337,1.421560176,1.208333333,2.020833333,0.2023204064,2.55E-06
280,Nervous,KTGF157,0.03575726719,0.001278582157,1.561657936,1.173469388,2.43877551,-0.009124765945,0.7266772316
281,Nervous,KTGF158,0.2070678235,0.04287708353,1.305459824,1,1.704225352,0.02900573691,0.08315837325
282,Nervous,KTGF527,0.3404233929,0.1158880864,1.2344268,0.9285714286,1.523809524,0.1051062338,0.001532347308
283,Nervous,KTGF528,-0.01900265983,0.0003611010805,1.423250163,1.102564103,2.025641026,-0.02665616646,0.9085871781
284,Nervous,KTGF533,0.2107688919,0.0444235258,1.574966501,1.233766234,2.480519481,0.03168250614,0.06577309593
285,Nervous,KTGF540,0.3007104237,0.09042675894,1.166666667,0.9166666667,1.361111111,0.06367460479,0.07473434679
286,Nervous,KTGF544,0.04238612056,0.001796583216,1.421560176,1.145833333,2.020833333,-0.008822602069,0.6817754029
287,Nervous,KTGF545,0.1981043004,0.03924531384,1.809696107,1.45,3.275,0.02692794607,0.0781512967
288,Nervous,KTGF549,-0.03494282789,0.001221001221,1.848422751,1.583333333,3.416666667,-0.02815485168,0.8396670115
289,Nervous,KTGF550,0.1209282919,0.01462365177,1.394433378,1.092592593,1.944444444,0.005327648486,0.2125144752
290,Nervous,KTGF553,0.3686450267,0.1358991557,1.331988569,1.064516129,1.774193548,0.126403542,0.0002769709348
291,Nervous,KTGF556,0.017182169,0.0002952269317,1.256234453,0.984375,1.578125,-0.0158290436,0.8928031492
292,Nervous,KTGF557,0.315964762,0.0998337308,1.287592613,1.052631579,1.657894737,0.08766932176,0.005427886993
293,Nervous,KTGF561,0.1181392844,0.01395689052,1.288057029,1.090909091,1.659090909,0.002491272965,0.2729724498
294,Nervous,KTGF562,0.2385965756,0.0569283259,1.273829466,0.9433962264,1.622641509,0.04786032903,0.01377573209
295,Nervous,KTGF565,-0.2629273696,0.06913080169,1.179535649,0.9130434783,1.391304348,0.04797468354,0.0774979689
296,Nervous,KTGF570,0.122109989,0.01491084941,1.58113883,1.375,2.5,-0.006504132124,0.4083487139
297,Nervous,KTGF572,0.2068214232,0.04277510108,1.224744871,0.8793103448,1.5,0.02568179931,0.1193015386
298,Interested,K23101,0.3626233792,0.1314957152,2.47033684,2.282051282,6.102564103,0.1200680272,0.00110353389
299,Interested,K23104,0.0776728746,0.006033075449,1.390443574,1.177777778,1.933333333,-0.005262003239,0.4668158339
300,Interested,K23106,0.1690999696,0.02859479971,1.808101427,1.384615385,3.269230769,0.009166695704,0.2307581288
301,Interested,K23107,0.126655277,0.01604155919,1.947589137,1.75862069,3.793103448,-0.00152912725,0.3434335563
302,Interested,K23109,0.1061909626,0.01127652054,2.147349788,1.988888889,4.611111111,4.10E-05,0.3191753895
303,Interested,K23114,-0.4722936453,0.2230612874,2.053342693,1.621621622,4.216216216,0.2008630385,0.003162694225
304,Interested,K23115,-0.06146530229,0.003777983386,1.732050808,1.447761194,3,-0.01154850918,0.6212251803
305,Interested,K23117,0.2568273197,0.06596027217,1.378803431,1.065934066,1.901098901,0.05546544376,0.01399159556
306,Interested,K23120,0.3365284644,0.1132514074,0.8697184926,0.6282051282,0.7564102564,0.1015836627,0.002590665721
307,Interested,K23121,-0.1074912804,0.01155437536,1.586984095,1.296296296,2.518518519,-0.007454194347,0.4391323416
308,Interested,K23122,-0.1332577832,0.01775763679,1.098588436,0.8620689655,1.206896552,-0.01862170999,0.49073994
309,Interested,K23125,0.1757563753,0.03089030347,1.646914924,1.287671233,2.712328767,0.01724087112,0.136922565
310,Interested,K23126,0.02993499555,0.0008961039587,1.720307955,1.445945946,2.959459459,-0.01298033904,0.8001266094
311,Interested,K23128,-0.0620317132,0.003847933443,1.780654854,1.463414634,3.170731707,-0.02169442724,0.7000264675
312,Interested,K23129,-0.1418758135,0.02012874647,1.088400379,0.8461538462,1.184615385,0.004575234506,0.2595906905
313,Interested,K23130,0.5317206903,0.2827268925,1.2188988,0.9714285714,1.485714286,0.2609913438,0.001011949317
314,Interested,K23131,0.185879005,0.03455100449,1.691765044,1.436781609,2.862068966,0.02319278101,0.08475408847
315,Interested,K23133,0.247148289,0.06108227674,1.118033989,0.8333333333,1.25,0.04766916641,0.03634838916
316,Interested,K23134,0.025,0.000625,2.006088294,1.731707317,4.024390244,-0.025,0.8767016791
317,Interested,K23136,-0.0512234859,0.002623845508,1.238904242,1.023255814,1.534883721,-0.02170240216,0.7442645141
318,Interested,K23139,-0.04231427998,0.00179049829,1.983402203,1.73553719,3.933884298,-0.00659781685,0.6449190519
319,Interested,K23141,-0.03550556929,0.00126064545,1.167748416,0.974025974,1.363636364,-0.01205587928,0.7591777034
320,Interested,K23142,0.1532872882,0.02349699273,1.718634255,1.472222222,2.953703704,0.01428470021,0.1132284488
321,Interested,K23143,0.08681718943,0.007537224381,2.199650322,2.023076923,4.838461538,-0.0002163910539,0.3260191324
322,Interested,K23144,0.1265583645,0.01601701961,1.204627668,0.8646616541,1.45112782,0.008505699152,0.1466104339
323,Interested,K23145,-0.09047533945,0.008185787048,1.197219,0.9,1.433333333,-0.008914458003,0.4917749314
324,Interested,K23147,0.1021188211,0.01042825362,1.348399725,1.151515152,1.818181818,-0.02149341562,0.5717403174
325,Interested,K23148,0.2540934138,0.06456346295,2.540579748,2.454545455,6.454545455,0.04691371697,0.06120977883
326,Interested,K23150,-0.02857126432,0.000816317145,1.227881227,0.9230769231,1.507692308,-0.01504374131,0.8212593878
327,Interested,K23151,-0.009027848727,8.15E-05,2.218800785,2.051282051,4.923076923,-0.02694332222,0.9565004575
328,Interested,K23153,0.0231155954,0.0005343307507,1.414213562,1.166666667,2,-0.02886171834,0.893547639
329,Interested,K23155,0.1517857143,0.02303890306,0.7313574509,0.488372093,0.5348837209,-0.0007894163763,0.3312290754
330,Interested,K23156,0.1063655923,0.01131363922,1,0.6818181818,1,-0.01222651223,0.4919622001
331,Interested,K23502,0.1437555363,0.02066565423,2.178684618,1.973333333,4.746666667,0.007250115242,0.2185279088
332,Interested,K23503,0.3165646627,0.1002131857,1.993138916,1.780821918,3.97260274,0.08754013194,0.006360339189
333,Interested,K23507,-0.1049698582,0.01101867113,2.100228298,1.863013699,4.410958904,-0.002910643359,0.3767888916
334,Interested,K23508,0.08228404503,0.006770664067,2.227921983,2.054545455,4.963636364,-0.01196951208,0.5503521029
335,Interested,K23509,0.09726946589,0.009461348995,1.924719578,1.727272727,3.704545455,-0.002056542295,0.3672895466
336,Interested,K23510,-0.08207826817,0.006736842105,2.133072901,1.89,4.55,-0.003398496241,0.4168866284
337,Interested,K23517,0.009410108345,8.86E-05,1.523154621,1.2,2.32,-0.01360886698,0.9361363174
338,Interested,K23521,0.1539262612,0.02369329389,1,0.7142857143,1,0.002920810777,0.2909785211
339,Interested,K23526,0.1714453897,0.02939352164,1.911743159,1.654761905,3.654761905,0.01755685727,0.1189139382
340,Interested,K23529,0.06583492769,0.004334237703,1.632993162,1.375,2.666666667,-0.01731067017,0.656625119
341,Interested,K23531,-0.09401561021,0.008838934963,2.38949313,2.225806452,5.709677419,-0.0253390328,0.6149204194
342,Interested,K23532,-0.1680415181,0.02823795181,1.313064329,1.034482759,1.724137931,-0.007753235163,0.3835653997
343,Interested,K23533,0.1466524788,0.02150694952,1.670828138,1.486111111,2.791666667,0.007528477375,0.2189713734
344,Interested,K23536,-0.03879344452,0.001504931338,2.194690563,2.016666667,4.816666667,-0.01571050088,0.768542162
345,Interested,K23537,0.2640977665,0.06974763025,1.233587909,0.9565217391,1.52173913,0.05941149281,0.01096419172
346,Interested,K23540,0.322981445,0.1043170138,1.328422328,0.9411764706,1.764705882,0.0860377692,0.02079402685
347,Interested,K23541,0.09989283875,0.009978579233,1.732050808,1.48,3,-0.01064686703,0.4900603453
348,Interested,K23548,0.3552358458,0.1261925061,1.942728377,1.774193548,3.774193548,0.1116290479,0.004607735303
349,Interested,K23551,-0.05979510738,0.003575454867,1.861898673,1.666666667,3.466666667,-0.01360427867,0.6499482386
350,Interested,K23552,0.2741680354,0.07516811163,1.621861518,1.326086957,2.630434783,0.05414920507,0.06520778829
351,Interested,K23555,0.2781599059,0.07737293325,2.189440749,1.968253968,4.793650794,0.06224789937,0.0272877537
352,Interested,K23556,0.113797239,0.0129498116,1.252025386,0.972972973,1.567567568,-0.01525162235,0.502458078
353,Interested,K23557,0.05024506603,0.002524566661,2.103917914,1.897058824,4.426470588,-0.01258869748,0.6840763115
354,Interested,K23559,0.1556178128,0.02421690367,1.410601261,1.091836735,1.989795918,0.01405249642,0.1259896101
355,Interested,K23563,0.2834793314,0.08036053131,1.570562532,1.266666667,2.466666667,0.05897356692,0.05915511421
356,Interested,K23565,0.2102741714,0.04421522717,1.375611752,1.123076923,1.892307692,0.02904404029,0.09271541419
357,Interested,KTFG534,0.2829264388,0.0800473698,1.204346483,0.9099099099,1.45045045,0.07160743741,0.002622817208
358,Interested,KTGF118,0.07416949872,0.005501114541,1.213660979,0.9864864865,1.472972973,-0.008311369979,0.5299817949
359,Interested,KTGF119,0.3476849333,0.1208848128,1.48221783,1.257575758,2.196969697,0.107148638,0.004230240993
360,Interested,KTGF120,0.395262229,0.1562322297,1.716160097,1.520547945,2.945205479,0.1443481766,0.0005383520917
361,Interested,KTGF122,0.163656619,0.02678348894,1.162872619,0.875,1.352272727,0.01546701788,0.1276146106
362,Interested,KTGF124,-0.01745395617,0.0003046405859,1.809934272,1.551724138,3.275862069,-0.01754706226,0.8965335121
363,Interested,KTGF125,0.3603832052,0.1298760546,0.870770784,0.6703296703,0.7582417582,0.120099381,0.0004497931508
364,Interested,KTGF126,0.1289923454,0.01663902518,1.567329493,1.347826087,2.456521739,0.005712792129,0.2204013021
365,Interested,KTGF127,-0.07225436269,0.005220692928,2.140872096,1.75,4.583333333,-0.02403752199,0.6753810117
366,Interested,KTGF129,0.1103737937,0.01218237433,1.551209206,1.28125,2.40625,0.001673676184,0.2843734145
367,Interested,KTGF130,-0.07534732623,0.00567721957,1.881931632,1.597222222,3.541666667,-0.008527391579,0.5293169862
368,Interested,KTGF136,0.2261586696,0.05114774382,2.114092655,1.897959184,4.469387755,0.03095939794,0.1181551169
369,Interested,KTGF138,0.1071091294,0.0114723656,0.9701425001,0.7647058824,0.9411764706,-0.01941912297,0.5465579222
370,Interested,KTGF142,0.02967171816,0.0008804108584,1.507556723,1.303030303,2.272727273,-0.03134925331,0.8697983671
371,Interested,KTGF143,0.2216027467,0.04910777737,1.611589967,1.319444444,2.597222222,0.03552360276,0.06137484548
372,Interested,KTGF146,0.1873305248,0.03509272552,1.492117654,1.169811321,2.226415094,0.01617297504,0.1792095709
373,Interested,KTGF147,0.2483617088,0.06168353841,1.152799795,0.9342105263,1.328947368,0.04900358623,0.03051795636
374,Interested,KTGF148,-0.03757336928,0.001411758079,1.410708691,1.059405941,1.99009901,-0.008674991839,0.7091192164
375,Interested,KTGF150,0.1037906632,0.01077250177,1.866050068,1.625,3.482142857,-0.007546525973,0.4465139572
376,Interested,KTGF153,0.07899803862,0.006240690106,1.943067216,1.673469388,3.775510204,-0.004110969372,0.4393944805
377,Interested,KTGF154,0.04161145869,0.001731513494,2.396075222,2.258823529,5.741176471,-0.01029581767,0.7053397858
378,Interested,KTGF156,0.3319809415,0.1102113455,1.421560176,1.1875,2.020833333,0.1007455088,0.00095191107
379,Interested,KTGF157,0.3810354303,0.1451879991,1.049781318,0.7551020408,1.102040816,0.1362837075,0.0001085030509
380,Interested,KTGF158,0.08502956179,0.007230026379,2.328633765,2.154929577,5.422535211,-0.007157944253,0.480789812
381,Interested,KTGF527,0.2077179448,0.04314674459,1.618347187,1.357142857,2.619047619,0.03147780245,0.0579631993
382,Interested,KTGF528,0.07511899206,0.005642862969,1.270977819,0.9487179487,1.615384615,-0.02123165425,0.6494703664
383,Interested,KTGF533,0.1650301402,0.02723494719,1.913723507,1.714285714,3.662337662,0.01426474648,0.1514859533
384,Interested,KTGF540,0.1163085632,0.01352768188,2.260776661,2.111111111,5.111111111,-0.01548620983,0.4993446307
385,Interested,KTGF544,0.2826204752,0.07987433301,1.648863245,1.364583333,2.71875,0.07008576208,0.005271651196
386,Interested,KTGF545,0.3797042496,0.1441753172,2.046338193,1.8875,4.1875,0.1332032059,0.0005131630253
387,Interested,KTGF549,-0.01010550656,0.0001021212629,2.061552813,1.75,4.25,-0.02930663988,0.9533546631
388,Interested,KTGF550,-0.09148251743,0.008369050995,2.177324216,1.981481481,4.740740741,-0.0009859579582,0.3463831571
389,Interested,KTGF553,0.03834701566,0.00147049361,2.197261247,2.032258065,4.827956989,-0.009502358108,0.7151576949
390,Interested,KTGF556,0.3805697476,0.1448333328,1.457737974,1.21875,2.125,0.131040322,0.001920970496
391,Interested,KTGF557,0.2720298923,0.07400026229,1.810059609,1.434210526,3.276315789,0.06148675232,0.01744388353
392,Interested,KTGF561,0.2097543229,0.04399687596,2.241144188,2,5.022727273,0.03288056057,0.04983072948
393,Interested,KTGF562,0.004942629213,2.44E-05,1.69070712,1.424528302,2.858490566,-0.009590720132,0.9598957437
394,Interested,KTGF565,0.07739207709,0.005989533596,2.462766207,2.326086957,6.065217391,-0.01660161337,0.6091963414
395,Interested,KTGF570,0.1842317916,0.03394135304,1.233220716,0.8958333333,1.520833333,0.0129400781,0.2100193422
396,Interested,KTGF572,0.1341467924,0.01799536191,1.911850521,1.655172414,3.655172414,0.0004595647989,0.3154081725
397,Angry,K23101,0.2434338455,0.05926003715,1.544219992,1.256410256,2.384615385,0.04688187974,0.03174084373
398,Angry,K23104,NA,NA,0.596284794,0.2666666667,0.3555555556,NA,NA
399,Angry,K23106,-0.09140324272,0.00835455278,1.192927878,0.6923076923,1.423076923,-0.01147835616,0.5192857478
400,Angry,K23107,0.3267187464,0.1067451393,1.167077104,0.775862069,1.362068966,0.0907941596,0.01230898594
401,Angry,K23109,0.192818664,0.03717903718,0.7302967433,0.3555555556,0.5333333333,0.02623788987,0.06863793933
402,Angry,K23114,-0.1831932537,0.03355976819,1.881632414,1.432432432,3.540540541,0.005947190141,0.2777924929
403,Angry,K23115,0.2821561941,0.07961211789,0.7431277185,0.4626865672,0.552238806,0.06545230432,0.02070595879
404,Angry,K23117,0.2056074861,0.04227443835,1.437335753,0.9230769231,2.065934066,0.03151347698,0.05055941519
405,Angry,K23120,-0.07643753416,0.005842696629,0.5063696835,0.2051282051,0.2564102564,-0.00723832052,0.5059526717
406,Angry,K23121,-0.08601653289,0.007398843931,0.5773502692,0.2222222222,0.3333333333,-0.01168963984,0.5362803456
407,Angry,K23122,-0.07082408746,0.005016051364,0.5252257314,0.2068965517,0.275862069,-0.03183520599,0.7150504546
408,Angry,K23125,0.620147564,0.3845830012,0.5101705329,0.2328767123,0.2602739726,0.3759151561,4.88E-09
409,Angry,K23126,0.5187808691,0.2691335902,0.9586025865,0.5945945946,0.9189189189,0.2589826678,2.19E-06
410,Angry,K23128,0.1626152176,0.02644370898,0.9753048304,0.5609756098,0.9512195122,0.001480727162,0.309712186
411,Angry,K23129,0.1873158754,0.03508723719,1.163548948,0.7384615385,1.353846154,0.01977116159,0.1351373548
412,Angry,K23130,-0.1032238358,0.01065516027,0.632455532,0.3428571429,0.4,-0.01932498639,0.5551356681
413,Angry,K23131,0.1625495129,0.02642234414,0.5570860145,0.2643678161,0.3103448276,0.01496848937,0.1325156372
414,Angry,K23133,0.4776464059,0.2281460891,0.8819171037,0.5833333333,0.7777777778,0.2171196046,2.21E-05
415,Angry,K23134,0.4833682445,0.2336448598,0.4685212857,0.1707317073,0.2195121951,0.213994728,0.001367565233
416,Angry,K23136,0.3627886422,0.1316155989,0.7775931859,0.511627907,0.6046511628,0.1104354915,0.0168046945
417,Angry,K23139,0.3259370808,0.1062349806,0.4453617714,0.1983471074,0.1983471074,0.0987243502,0.000264042096
418,Angry,K23141,NA,NA,0.2548235957,0.06493506494,0.06493506494,NA,NA
419,Angry,K23142,NA,NA,0.5610836077,0.1666666667,0.3148148148,NA,NA
420,Angry,K23143,0.08772151629,0.007695064421,0.6012806845,0.2846153846,0.3615384615,-5.73E-05,0.3209858847
421,Angry,K23144,-0.006136132438,3.77E-05,0.9094326084,0.5112781955,0.8270676692,-0.007595648244,0.9441156537
422,Angry,K23145,0.2877610231,0.08280640642,0.7745966692,0.4333333333,0.6,0.06699272377,0.02578155223
423,Angry,K23147,NA,NA,0.8876253646,0.5454545455,0.7878787879,NA,NA
424,Angry,K23148,0.4690937004,0.2200488998,0.7627700714,0.4363636364,0.5818181818,0.2053328413,0.0003031750473
425,Angry,K23150,0.2145158779,0.04601706189,1.030309886,0.5692307692,1.061538462,0.03087447557,0.08616876611
426,Angry,K23151,0.492645849,0.2426999326,0.9058216273,0.5128205128,0.8205128205,0.2222323632,0.001442221492
427,Angry,K23153,0.1160517706,0.01346801347,1.545603083,1.277777778,2.388888889,-0.01554763319,0.5002988272
428,Angry,K23155,0.6626726428,0.4391350315,0.6647258571,0.2558139535,0.4418604651,0.4254553981,1.29E-06
429,Angry,K23156,-0.04301504812,0.001850294365,1.066003582,0.7272727273,1.136363636,-0.02191517482,0.7815929954
430,Angry,K23502,0.2581398796,0.06663619744,0.9591663047,0.5733333333,0.92,0.05385039193,0.0253482939
431,Angry,K23503,0.2176397535,0.04736706231,0.9722167862,0.6164383562,0.9452054795,0.03394969699,0.06436265329
432,Angry,K23507,0.2909550356,0.08465483275,1.122619246,0.6849315068,1.260273973,0.07176264729,0.01251440116
433,Angry,K23508,0.336256706,0.1130685723,1.433028761,0.9821428571,2.053571429,0.09664391624,0.01128283773
434,Angry,K23509,0.3220882651,0.1037408505,0.7833494518,0.5227272727,0.6136363636,0.09331923248,0.002211552892
435,Angry,K23510,0.1330390961,0.01769940109,1.053565375,0.67,1.11,0.00767592559,0.1869890952
436,Angry,K23517,0.2269208145,0.05149305603,1.216552506,0.8666666667,1.48,0.03849981023,0.05025276717
437,Angry,K23521,-0.02412244716,0.0005818924568,2,1.64,4,-0.02023931812,0.8679355549
438,Angry,K23526,0.3245044148,0.1053031152,1.358395412,1.011904762,1.845238095,0.0943921776,0.002599485848
439,Angry,K23529,0.1919440549,0.03684252021,0.7359800722,0.375,0.5416666667,0.01590431413,0.1912247003
440,Angry,K23531,0.5104285315,0.2605372858,0.6475761258,0.2258064516,0.4193548387,0.2350385715,0.003348169898
441,Angry,K23532,-0.0637394557,0.004062718212,0.8304547985,0.4137931034,0.6896551724,-0.03282384778,0.742546354
442,Angry,K23533,-0.07405847203,0.00548465728,0.7637626158,0.4722222222,0.5833333333,-0.008722704759,0.5364047253
443,Angry,K23536,NA,NA,1.072380529,0.55,1.15,NA,NA
444,Angry,K23537,0.6184353079,0.38246223,0.6993786062,0.3586956522,0.4891304348,0.3756006992,5.07E-11
445,Angry,K23540,0.3253580194,0.1058578408,1.441676584,1.215686275,2.078431373,0.08761004161,0.01982204691
446,Angry,K23541,0.3641650993,0.1326162195,1.208304597,0.7,1.46,0.1145457241,0.009326450596
447,Angry,K23548,0.4532120938,0.205401202,1.11980724,0.8095238095,1.253968254,0.1923749922,0.0001914989529
448,Angry,K23551,0.3254470498,0.1059157822,1.264911064,0.6666666667,1.6,0.09050053708,0.01116920526
449,Angry,K23552,0.08312693361,0.006910087092,0.6593804734,0.347826087,0.4347826087,-0.0156601382,0.5828473224
450,Angry,K23555,0.1764071962,0.03111949888,0.6666666667,0.3174603175,0.4444444444,0.01523621197,0.1666576898
451,Angry,K23556,0.4903085914,0.2404025148,0.9153348228,0.6756756757,0.8378378378,0.2186997295,0.002065397045
452,Angry,K23557,0.07197830913,0.005180876985,0.8660254038,0.4558823529,0.75,-0.009892140031,0.5596903847
453,Angry,K23559,0.2613348354,0.06829589619,0.7759128922,0.3979591837,0.6020408163,0.0585906451,0.009343448503
454,Angry,K23563,0.1317419895,0.01735595179,1.115546702,0.8,1.244444444,-0.005496235376,0.388328867
455,Angry,K23565,0.05736380668,0.003290606317,1.758495861,1.461538462,3.092307692,-0.01253017771,0.6499136086
456,Angry,KTFG534,0.4841283481,0.2343802574,1.127062674,0.7117117117,1.27027027,0.2273562231,7.31E-08
457,Angry,KTGF118,0.4560215599,0.2079556631,0.7165985721,0.3513513514,0.5135135135,0.1969550473,4.44E-05
458,Angry,KTGF119,NA,NA,0.4438126823,0.1060606061,0.196969697,NA,NA
459,Angry,KTGF120,0.1982574316,0.0393060092,0.7214900867,0.4109589041,0.5205479452,0.02577510792,0.09268315627
460,Angry,KTGF122,0.5012350296,0.2512365549,0.9653072992,0.5681818182,0.9318181818,0.2425300032,6.55E-07
461,Angry,KTGF124,0.1356423094,0.01839883609,1.042212501,0.6724137931,1.086206897,0.0008702438804,0.3099937803
462,Angry,KTGF125,NA,NA,0.7109813679,0.3956043956,0.5054945055,NA,NA
463,Angry,KTGF126,0.06348361131,0.004030168904,0.8008148025,0.5543478261,0.6413043478,-0.007036162552,0.5477102206
464,Angry,KTGF127,0.5639259015,0.3180124224,0.5,0.1944444444,0.25,0.2979539642,0.0003412085967
465,Angry,KTGF129,0.3006356015,0.09038176492,0.9013878189,0.4791666667,0.8125,0.08070497518,0.002918418918
466,Angry,KTGF130,0.1430027339,0.02044978191,1.269295518,0.9166666667,1.611111111,0.006456207363,0.230779896
467,Angry,KTGF136,-0.3156591099,0.09964067367,1.948311671,1.591836735,3.795918367,0.08048409225,0.02714690886
468,Angry,KTGF138,-0.09707253434,0.009423076923,0.6183469424,0.2647058824,0.3823529412,-0.02153245192,0.5849655115
469,Angry,KTGF142,0.1359413246,0.01848004374,0.9211323729,0.6060606061,0.8484848485,-0.01318189033,0.4506544353
470,Angry,KTGF143,0.1366260102,0.01866666667,0.8164965809,0.4166666667,0.6666666667,0.004647619048,0.2524592514
471,Angry,KTGF146,0.08261667517,0.006825515016,0.9416965821,0.4339622642,0.8867924528,-0.01264849449,0.5564494697
472,Angry,KTGF147,0.05121070873,0.002622536689,0.734488723,0.4078947368,0.5394736842,-0.01085553714,0.6604195135
473,Angry,KTGF148,NA,NA,0.6821631291,0.3267326733,0.4653465347,NA,NA
474,Angry,KTGF150,-0.04797842121,0.002301928902,0.5669467095,0.3214285714,0.3214285714,-0.0161739613,0.7254817564
475,Angry,KTGF153,NA,NA,0.8206518066,0.4081632653,0.6734693878,NA,NA
476,Angry,KTGF154,-0.09955078816,0.009910359423,0.5739440432,0.2588235294,0.3294117647,-0.002018431428,0.3646829463
477,Angry,KTGF156,0.2801379739,0.07847728444,0.7569125885,0.3645833333,0.5729166667,0.0686738513,0.005702650017
478,Angry,KTGF157,0.4092565378,0.1674909137,0.8571428571,0.4897959184,0.7346938776,0.1588189441,2.86E-05
479,Angry,KTGF158,0.2764466752,0.07642276423,0.8222264518,0.4788732394,0.676056338,0.0630375869,0.01961075328
480,Angry,KTGF527,0.3293207168,0.1084521345,1.447493729,1.095238095,2.095238095,0.09757959956,0.002221825408
481,Angry,KTGF528,0.3538660755,0.1252211994,1.901416476,1.461538462,3.615384615,0.1015785291,0.02710159215
482,Angry,KTGF533,0.4808587897,0.2312251756,0.7644707872,0.3766233766,0.5844155844,0.2209748446,9.58E-06
483,Angry,KTGF540,0.009023484854,8.14E-05,1.013793755,0.5277777778,1.027777778,-0.02932794662,0.9583444988
484,Angry,KTGF544,0.2800179429,0.07841004836,0.9409658159,0.53125,0.8854166667,0.06860589994,0.005724259756
485,Angry,KTGF545,0.2866630806,0.0821757218,0.75,0.3625,0.5625,0.07040874387,0.009937771976
486,Angry,KTGF549,0.2847535556,0.08108458744,0.9428090416,0.5555555556,0.8888888889,0.05405766354,0.09232194047
487,Angry,KTGF550,0.2053929681,0.04218627134,1.247219129,0.7222222222,1.555555556,0.03315029276,0.03296906203
488,Angry,KTGF553,0.238522891,0.05689316953,0.6558258358,0.3440860215,0.4301075269,0.04652935821,0.02130919585
489,Angry,KTGF556,0.644124098,0.4148958536,0.9921567416,0.703125,0.984375,0.4054586899,9.34E-09
490,Angry,KTGF557,0.06629787753,0.004395408565,0.8191780219,0.4078947368,0.6710526316,-0.009058707535,0.5693430731
491,Angry,KTGF561,-0.03042452397,0.0009256516588,0.7833494518,0.3863636364,0.6136363636,-0.01069149193,0.7784100248
492,Angry,KTGF562,0.3068223514,0.0941399553,0.9952718411,0.5754716981,0.9905660377,0.08542976256,0.001379037976
493,Angry,KTGF565,-0.1390423039,0.01933276229,1.032093693,0.7608695652,1.065217391,-0.00295512948,0.3567553607
494,Angry,KTGF570,-0.01163971636,0.0001354829969,0.7772815878,0.2708333333,0.6041666667,-0.02160070216,0.9374150473
495,Angry,KTGF572,0.4087277569,0.1670583792,1.082780584,0.724137931,1.172413793,0.1521844217,0.001445563741
496,Excited,K23101,0.2044840203,0.04181371454,2.339734809,2.038461538,5.474358974,0.02920600026,0.07252253593
497,Excited,K23104,0.3102671836,0.09626572523,1.82878223,1.7,3.344444444,0.08599601756,0.002919169507
498,Excited,K23106,-0.07571134806,0.005732208226,1.652503928,1.307692308,2.730769231,-0.01415314761,0.5937171471
499,Excited,K23107,0.3722679748,0.1385834451,1.58113883,1.362068966,2.5,0.1232010066,0.004007108226
500,Excited,K23109,0.3450308353,0.1190462773,1.406334874,1.155555556,1.977777778,0.1090354395,0.0008672471657
501,Excited,K23114,-0.3983536546,0.1586856341,1.966830204,1.657894737,3.868421053,0.1353157906,0.01324646955
502,Excited,K23115,0.2565991246,0.06584311077,1.343863888,1.029850746,1.805970149,0.05147146632,0.0360766694
503,Excited,K23117,0.2820236431,0.07953733529,1.288153973,1.065934066,1.659340659,0.06919505816,0.006761789086
504,Excited,K23120,0.2440304569,0.05955086388,0.9405399431,0.6282051282,0.8846153846,0.04717653314,0.03131179753
505,Excited,K23121,0.08853846234,0.007839059313,1.239772978,0.9814814815,1.537037037,-0.01124095878,0.5243524969
506,Excited,K23122,0.3984006116,0.1587230473,1.174440439,0.9655172414,1.379310345,0.1275646417,0.03230631107
507,Excited,K23125,0.4533801728,0.2055535811,1.287452619,0.9726027397,1.657534247,0.1943641949,5.62E-05
508,Excited,K23126,0.2604714177,0.06784535943,1.4284749,1.148648649,2.040540541,0.0548987672,0.02500309088
509,Excited,K23128,0.3069615046,0.0942253653,1.379289319,1.12195122,1.902439024,0.07100037467,0.05092093437
510,Excited,K23129,0.4503595172,0.2028236948,1.234130027,1,1.523076923,0.1901701026,0.0001670072665
511,Excited,K23130,0.2476326999,0.06132195408,1.253566341,0.9428571429,1.571428571,0.03287716481,0.1514983852
512,Excited,K23131,0.283518547,0.08038276648,1.389616668,1.126436782,1.931034483,0.0695637402,0.007789134974
513,Excited,K23133,0.3839342175,0.1474054834,0.8164965809,0.6111111111,0.6666666667,0.1352255617,0.0008704784283
514,Excited,K23134,0.3941786245,0.155376788,1.794299918,1.609756098,3.219512195,0.1337197825,0.01076911507
515,Excited,K23136,0.5349926409,0.2862171258,1.089057625,0.8139534884,1.186046512,0.2688077874,0.000218906367
516,Excited,K23139,0.1470895819,0.02163534509,1.579831563,1.256198347,2.495867769,0.01341379337,0.1074065177
517,Excited,K23141,0.1741126327,0.03031520888,1.184313051,0.9090909091,1.402597403,0.01738607833,0.1299153812
518,Excited,K23142,0.1179690928,0.01391670685,1.96497102,1.675925926,3.861111111,0.004614034276,0.2240016064
519,Excited,K23143,0.01218178707,0.0001483959363,1.668716688,1.476923077,2.784615385,-0.00766294472,0.8905902425
520,Excited,K23144,0.1570398765,0.02466152281,1.323585924,1.030075188,1.751879699,0.01721619092,0.07104422322
521,Excited,K23145,0.2179096133,0.04748459959,1.372345923,1.116666667,1.883333333,0.03106192027,0.09441011338
522,Excited,K23147,-0.1623797632,0.0263671875,1.381698559,1.060606061,1.909090909,-0.005040322581,0.3666076722
523,Excited,K23148,0.09992868642,0.009985742369,1.606803716,1.309090909,2.581818182,-0.008693771926,0.4679069061
524,Excited,K23150,0.3447528833,0.1188545505,1.163548948,0.8307692308,1.353846154,0.1048681148,0.00491838641
525,Excited,K23151,0.4273120329,0.1825955734,1.339728254,1.128205128,1.794871795,0.1605035619,0.006663297427
526,Excited,K23153,0.07907064883,0.006252167506,1.607275127,1.194444444,2.583333333,-0.02297570992,0.6466654262
527,Excited,K23155,-0.06730870833,0.004530462217,1.141194804,0.8837209302,1.302325581,-0.01974928261,0.6680297089
528,Excited,K23156,-0.1454387963,0.02115244347,1.138180366,0.7954545455,1.295454545,-0.002153450731,0.3462027116
529,Excited,K23502,0.1719148735,0.02955472373,1.788854382,1.52,3.2,0.01626095282,0.1402596296
530,Excited,K23503,0.2839706321,0.08063931992,1.379894775,1.109589041,1.904109589,0.06769057795,0.0149033689
531,Excited,K23507,0.2075074618,0.04305934669,1.609049749,1.356164384,2.589041096,0.02958130932,0.07814149583
532,Excited,K23508,-0.02350272543,0.0005523781028,1.887168119,1.596491228,3.561403509,-0.01761939684,0.8622313545
533,Excited,K23509,0.2365446747,0.05595338315,1.453835054,1.136363636,2.113636364,0.0449760969,0.0264970224
534,Excited,K23510,0.1294966081,0.0167693715,1.496662955,1.2,2.24,0.0067364059,0.1991071317
535,Excited,K23517,0.1904208861,0.03626011387,1.321615173,1.026666667,1.746666667,0.02305819763,0.1017546495
536,Excited,K23521,0.2431988355,0.0591456736,1.334166406,1.06,1.78,0.0395445418,0.08878611645
537,Excited,K23526,-0.05912559654,0.003495836167,1.66189794,1.380952381,2.761904762,-0.008656653636,0.5931733512
538,Excited,K23529,0.2679312424,0.07178715063,1.050793351,0.8541666667,1.104166667,0.05160861043,0.06559604227
539,Excited,K23531,0.0668696098,0.004471544715,1.883716299,1.612903226,3.548387097,-0.02985702271,0.7207813606
540,Excited,K23532,0.09417272179,0.008868501529,1.203443336,0.8965517241,1.448275862,-0.02784007249,0.6270307068
541,Excited,K23533,-0.01203616281,0.0001448692153,1.554563176,1.25,2.416666667,-0.01413877551,0.9200693165
542,Excited,K23536,0.2972996295,0.08838706971,1.888562063,1.666666667,3.566666667,0.07266960539,0.02106270888
543,Excited,K23537,0.3654094717,0.133524082,1.103354569,0.847826087,1.217391304,0.1238965718,0.0003414191188
544,Excited,K23540,0.4996351972,0.2496353303,1.137592918,0.7450980392,1.294117647,0.2343217656,0.0001894253181
545,Excited,K23541,0.2711093956,0.07350030437,1.697056275,1.44,2.88,0.05419822738,0.05686055478
546,Excited,K23548,0.4618039275,0.2132628675,1.42539329,1.111111111,2.031746032,0.2003655374,0.0001390858128
547,Excited,K23551,0.3171647364,0.10059347,1.945079261,1.583333333,3.783333333,0.0850864609,0.0135422539
548,Excited,K23552,0.4238710496,0.1796666667,1.251086484,0.8695652174,1.565217391,0.1610227273,0.003330146214
549,Excited,K23555,0.3522315406,0.1240670582,1.708986519,1.46031746,2.920634921,0.1097075018,0.00463868158
550,Excited,K23556,-0.3929982128,0.1544475953,1.433197144,1.081081081,2.054054054,0.1302889551,0.01612055739
551,Excited,K23557,0.3603707921,0.1298671078,1.169464432,0.8382352941,1.367647059,0.1166832761,0.002538364078
552,Excited,K23559,0.3636894672,0.1322700286,1.073806884,0.7857142857,1.153061224,0.1232311747,0.0002322841835
553,Excited,K23563,0.1644721194,0.02705107807,1.273664878,1.044444444,1.622222222,0.004424358951,0.2803032628
554,Excited,K23565,0.2957462989,0.08746587331,1.568929081,1.2,2.461538462,0.07298120464,0.01676180376
555,Excited,KTFG534,0.4718956507,0.2226855051,1.004494405,0.6846846847,1.009009009,0.2155541795,1.71E-07
556,Excited,KTGF118,0.1229192855,0.01510915076,0.9444002816,0.7027027027,0.8918918919,0.001430111185,0.2967849535
557,Excited,KTGF119,0.01454767275,0.0002116347825,1.015038438,0.7272727273,1.03030303,-0.01541005842,0.9077049961
558,Excited,KTGF120,0.2982902388,0.08897706656,1.318986743,1.02739726,1.739726027,0.07614575764,0.01036988331
559,Excited,KTGF122,0.3416171491,0.1167022766,1.243163121,1,1.545454545,0.1064313728,0.001124307894
560,Excited,KTGF124,0.2417068158,0.05842218481,1.432384075,1.086206897,2.051724138,0.04160829525,0.06756156906
561,Excited,KTGF125,0.1157820364,0.01340547996,1.124160248,0.7802197802,1.263736264,0.002320148275,0.2744366966
562,Excited,KTGF126,-0.02992751356,0.0008956560681,1.122884484,0.8695652174,1.260869565,-0.01020550331,0.7770286943
563,Excited,KTGF127,0.1434326781,0.02057293315,1.795054936,1.333333333,3.222222222,-0.008233745284,0.4039700432
564,Excited,KTGF129,0.3409532243,0.1162491012,1.648863245,1.385416667,2.71875,0.1068474959,0.0006754784872
565,Excited,KTGF130,-0.02340106287,0.0005476097434,1.900292375,1.555555556,3.611111111,-0.01373028155,0.8453020453
566,Excited,KTGF136,0.2531848418,0.0641025641,1.932535608,1.653061224,3.734693878,0.0441898527,0.07921388962
567,Excited,KTGF138,0.2364565764,0.05591171251,1,0.7647058824,1,0.02640895353,0.1781802259
568,Excited,KTGF142,0.3447768887,0.118871103,2.139102049,1.96969697,4.575757576,0.09044759016,0.04942082195
569,Excited,KTGF143,0.4688755085,0.2198442424,0.9279607271,0.6944444444,0.8611111111,0.2086991602,3.26E-05
570,Excited,KTGF146,0.3603683559,0.129865352,1.43408639,1.037735849,2.056603774,0.1128038883,0.008033148467
571,Excited,KTGF147,0.1373984954,0.01887834654,1.423610434,1.146666667,2.026666667,0.005438323886,0.2397926954
572,Excited,KTGF148,0.2660231503,0.07076831649,1.057739042,0.8217821782,1.118811881,0.06138213787,0.007169760725
573,Excited,KTGF150,0.2231644495,0.04980237154,1.085620297,0.8571428571,1.178571429,0.03220611916,0.09827659266
574,Excited,KTGF153,0.2242221266,0.05027556205,1.195228609,0.9387755102,1.428571429,0.04038259915,0.02644946675
575,Excited,KTGF154,0.07530479255,0.00567081178,1.222341052,0.8823529412,1.494117647,-0.006309057957,0.4933630397
576,Excited,KTGF156,0.108919115,0.01186337362,1.388194271,1.114583333,1.927083333,0.001351281845,0.2908074582
577,Excited,KTGF157,0.5566514875,0.3098608785,1.054630219,0.7448979592,1.112244898,0.3026719293,2.65E-09
578,Excited,KTGF158,0.5084981088,0.2585703266,1.332159107,1.042253521,1.774647887,0.247824969,5.97E-06
579,Excited,KTGF527,0.1593837852,0.02540319098,1.435104111,1.154761905,2.05952381,0.01351786404,0.1475712839
580,Excited,KTGF528,0.3582833464,0.1283669563,1.330124344,1,1.769230769,0.1048093065,0.02511596008
581,Excited,KTGF533,0.191760381,0.03677204374,1.381698559,1.155844156,1.909090909,0.02392900432,0.09477865482
582,Excited,KTGF540,-0.06348949875,0.004030916452,1.732050808,1.388888889,3,-0.02526229189,0.712974225
583,Excited,KTGF544,0.364966552,0.133200584,1.094493795,0.78125,1.197916667,0.1239793137,0.0002561383808
584,Excited,KTGF545,0.02028133288,0.0004113324633,1.604680654,1.375,2.575,-0.01240390686,0.858279201
585,Excited,KTGF549,0.3997610488,0.1598088961,1.58113883,1.333333333,2.5,0.1350973931,0.01570925366
586,Excited,KTGF550,0.123684249,0.01529779345,1.80020575,1.574074074,3.240740741,0.006008149991,0.2021992865
587,Excited,KTGF553,1.30E-17,5.82E-32,1.619770328,1.440860215,2.623655914,-0.01098901099,1
588,Excited,KTGF556,0.2105866857,0.0443467522,1.224744871,0.875,1.5,0.02893299014,0.09486448575
589,Excited,KTGF557,0.5127865473,0.262950043,1.169795304,0.8947368421,1.368421053,0.2529899085,2.18E-06
590,Excited,KTGF561,0.1722790474,0.02968007019,1.802775638,1.522727273,3.25,0.01839728031,0.1084853205
591,Excited,KTGF562,0.2723255604,0.07416121085,1.407526936,1.132075472,1.981132075,0.0652589148,0.004741338035
592,Excited,KTGF565,-0.004916038239,2.42E-05,1.293797914,0.9782608696,1.673913043,-0.02270255604,0.9741333125
593,Excited,KTGF570,0.2476264108,0.06131883932,1.050793351,0.7708333333,1.104166667,0.04091272713,0.08971088201
594,Excited,KTGF572,0.01256802284,0.0001579551982,1.319613318,1.017241379,1.74137931,-0.01769636703,0.9253988959
595,Bored,K23101,0.05744111268,0.003299481426,1.23516842,0.9615384615,1.525641026,-0.009814999082,0.6174071662
596,Bored,K23104,NA,NA,1.308094458,1.044444444,1.711111111,NA,NA
597,Bored,K23106,0.3021963074,0.09132260821,1.365790839,1.057692308,1.865384615,0.07314906038,0.02945196757
598,Bored,K23107,-0.03159778899,0.0009984202689,1.351882468,1,1.827586207,-0.01684089365,0.8138502629
599,Bored,K23109,0.3918328904,0.153533014,1.027402334,0.7666666667,1.055555556,0.143914071,0.0001338877696
600,Bored,K23114,0.1914179742,0.03664084083,1.477907482,1.026315789,2.184210526,0.009880864185,0.2496309052
601,Bored,K23115,0.2742433091,0.07520939261,0.8809763918,0.5671641791,0.776119403,0.0609818448,0.02471809825
602,Bored,K23117,0.1403464184,0.01969711717,1.240347346,0.9450549451,1.538461538,0.008682478038,0.1845451772
603,Bored,K23120,0.1687941093,0.02849145135,1.192927878,0.9615384615,1.423076923,0.01570844413,0.1395942601
604,Bored,K23121,0.0416728846,0.001736629311,0.8713548412,0.5740740741,0.7592592593,-0.0174607432,0.7647901749
605,Bored,K23122,0.09727122878,0.009461691948,1.129540645,0.8620689655,1.275862069,-0.02722491205,0.6156863467
606,Bored,K23125,0.2003250383,0.04013012096,1.176248972,0.9178082192,1.383561644,0.02661082689,0.08926106411
607,Bored,K23126,0.04464815692,0.001993457916,1.46582695,1.094594595,2.148648649,-0.01186774406,0.7056329522
608,Bored,K23128,0.3474654664,0.1207322503,1.219756073,0.9512195122,1.487804878,0.09818692342,0.02601922162
609,Bored,K23129,0.1324915558,0.01755401235,1.347362095,1.046153846,1.815384615,0.001959631589,0.2927529052
610,Bored,K23130,0.0926198217,0.008578431373,1.121223821,0.8,1.257142857,-0.02146464646,0.5966763493
611,Bored,K23131,0.1283511955,0.01647402939,1.154700538,0.9655172414,1.333333333,0.004903135614,0.2361074812
612,Bored,K23133,0.2945050839,0.08673324447,0.8819171037,0.6388888889,0.7777777778,0.07368657653,0.01203265547
613,Bored,K23134,0.1534629748,0.02355088463,0.7489830504,0.512195122,0.5609756098,-0.001486272174,0.3380907579
614,Bored,K23136,-0.07666969565,0.005878242231,1.067489992,0.7209302326,1.139534884,-0.01836862991,0.6250807462
615,Bored,K23139,0.3286216998,0.1079922216,1.741567642,1.396694215,3.033057851,0.1004963579,0.0002331724343
616,Bored,K23141,0.1297261863,0.01682888342,1.025645188,0.8441558442,1.051948052,0.0037199352,0.2608082223
617,Bored,K23142,-0.1091457144,0.01191278697,1.166666667,0.8796296296,1.361111111,0.002591209485,0.2608264349
618,Bored,K23143,0.1545634133,0.02388984872,1.425050606,1.153846154,2.030769231,0.01626398816,0.07911556525
619,Bored,K23144,0.2644111965,0.06991328086,1.182580332,0.9323308271,1.398496241,0.06281338224,0.002101619183
620,Bored,K23145,0.1823962539,0.03326839343,1.016530045,0.7666666667,1.033333333,0.01660060711,0.163062023
621,Bored,K23147,0.003602440111,1.30E-05,1.07308674,0.8484848485,1.151515152,-0.03224466831,0.9841259162
622,Bored,K23148,0.03822931919,0.001461480845,1.250454463,1.054545455,1.563636364,-0.01737886857,0.7816991269
623,Bored,K23150,0.05165048018,0.002667772103,1,0.6923076923,1,-0.01316289818,0.682824035
624,Bored,K23151,0.008040844011,6.47E-05,1.552500052,1.333333333,2.41025641,-0.02696062442,0.9612524078
625,Bored,K23153,0.2985591452,0.08913756321,1.394433378,1.055555556,1.944444444,0.06234749154,0.07693992954
626,Bored,K23155,-0.2936259348,0.08621618961,1.547691454,1.279069767,2.395348837,0.0639287796,0.05599694755
627,Bored,K23156,0.2289095027,0.05239956042,1.138180366,0.9318181818,1.295454545,0.0298376452,0.1350118086
628,Bored,K23502,0.2838460857,0.08056860036,1,0.68,1,0.06797364968,0.01359162027
629,Bored,K23503,0.1198248584,0.0143579967,1.134756024,0.904109589,1.287671233,0.0004757149618,0.3126114657
630,Bored,K23507,0.07816469802,0.006109720017,1.46184346,1.095890411,2.136986301,-0.007888734631,0.5109755075
631,Bored,K23508,0.119186836,0.01420550188,1.39548143,1.035087719,1.947368421,-0.00371803445,0.3772045238
632,Bored,K23509,0.3218453183,0.1035844089,1.167748416,0.8409090909,1.363636364,0.09316097181,0.002229634717
633,Bored,K23510,0.1064284489,0.01132701473,1.360147051,0.99,1.85,0.001238514882,0.2919284727
634,Bored,K23517,0.1649577762,0.02721106793,1.361371857,1.026666667,1.853333333,0.01388519215,0.1572763988
635,Bored,K23521,0.2185568577,0.04776710006,1.122497216,0.78,1.26,0.02792891464,0.1272982718
636,Bored,K23526,0.1631221895,0.02660884869,1.133893419,0.880952381,1.285714286,0.0147382249,0.1381838926
637,Bored,K23529,0.2727624974,0.07439938001,1.527525232,1.166666667,2.333333333,0.0542776274,0.06069917699
638,Bored,K23531,0.1386970942,0.01923688394,1.191366794,0.8387096774,1.419354839,-0.01458253385,0.4568122513
639,Bored,K23532,0.1440790366,0.02075876879,0.9826073689,0.6896551724,0.9655172414,-0.01550942496,0.4558704879
640,Bored,K23533,-0.1026223333,0.01053134328,1.03413947,0.7638888889,1.069444444,-0.003603923241,0.3909988547
641,Bored,K23536,0.1576350609,0.02484881243,1.310216267,1.016666667,1.716666667,0.008035860922,0.2290196663
642,Bored,K23537,NA,NA,1.467028941,1.239130435,2.152173913,NA,NA
643,Bored,K23540,0.1197396405,0.01433758151,1.501633098,1.196078431,2.254901961,-0.005777978055,0.4026319413
644,Bored,K23541,0.06220907522,0.00386996904,1.166190379,0.92,1.36,-0.01688273994,0.6677960509
645,Bored,K23548,0.5207346509,0.2711645767,1.501322169,1.142857143,2.253968254,0.259216455,1.21E-05
646,Bored,K23551,0.2529934096,0.06400566531,2.224859546,1.883333333,4.95,0.04786783196,0.05113907127
647,Bored,K23552,0.1204576311,0.01451004089,1.503618823,1.217391304,2.260869565,-0.007887458185,0.4252133117
648,Bored,K23555,0.1176319543,0.01383727668,1.385869734,1.063492063,1.920634921,-0.002329325342,0.3585293223
649,Bored,K23556,0.1732480923,0.03001490148,2.254125347,2.108108108,5.081081081,0.002301041524,0.3051568845
650,Bored,K23557,0.3567803612,0.1272922261,1.277635684,1.014705882,1.632352941,0.1140693811,0.002821953897
651,Bored,K23559,0.2587240345,0.06693812605,1.124858268,0.7551020408,1.265306122,0.05721873153,0.01010160758
652,Bored,K23563,0.2866890553,0.0821906144,1.054092553,0.7111111111,1.111111111,0.06084621009,0.05621773193
653,Bored,K23565,0.111223454,0.01237065672,1.488416815,1.261538462,2.215384615,-0.003305999521,0.3777475359
654,Bored,KTFG534,0.4078158141,0.1663137382,1.287500547,1.009009009,1.657657658,0.1586652404,8.88E-06
655,Bored,KTGF118,0.009200753581,8.47E-05,0.9863939238,0.7297297297,0.972972973,-0.01380305927,0.9379855313
656,Bored,KTGF119,-0.09312174526,0.00867165944,1.212310591,0.8939393939,1.46969697,-0.006817845881,0.4570651472
657,Bored,KTGF120,0.2817229925,0.07936784449,1.182057644,0.9315068493,1.397260274,0.06640119442,0.01575145927
658,Bored,KTGF122,0.2569049278,0.06600014192,1.066003582,0.7727272727,1.136363636,0.05513967845,0.01568232576
659,Bored,KTGF124,0.2820400435,0.07954658613,1.536902393,1.189655172,2.362068966,0.06310991803,0.03195692521
660,Bored,KTGF125,0.01592704102,0.0002536706358,1.032440829,0.8021978022,1.065934066,-0.01097943419,0.8808881264
661,Bored,KTGF126,0.0156269077,0.0002442002442,1.078444935,0.6413043478,1.163043478,-0.01086419753,0.882462985
662,Bored,KTGF127,0.1550889028,0.02405256777,1.424000624,1.027777778,2.027777778,-0.004651768468,0.3664330297
663,Bored,KTGF129,0.4977211694,0.2477263625,1.493039406,1.145833333,2.229166667,0.2397234515,2.48E-07
664,Bored,KTGF130,0.2873467652,0.08256816349,1.154700538,0.8611111111,1.333333333,0.0694619944,0.01438911547
665,Bored,KTGF136,0.4336702527,0.1880698881,1.26974206,0.9591836735,1.612244898,0.1707947793,0.001852509511
666,Bored,KTGF138,0.3414279334,0.1165730337,1.137592918,0.8823529412,1.294117647,0.08896594101,0.04812971345
667,Bored,KTGF142,0.323677579,0.1047671752,1.029857301,0.8181818182,1.060606061,0.07588869696,0.06613465688
668,Bored,KTGF143,0.259827921,0.06751054852,1.476670429,1.236111111,2.180555556,0.05418927064,0.02751500788
669,Bored,KTGF146,-0.1137309971,0.01293473971,2.110173023,1.735849057,4.452830189,-0.006419481084,0.4174421795
670,Bored,KTGF147,0.3372741323,0.1137538403,1.038723913,0.7894736842,1.078947368,0.1017775409,0.002888312467
671,Bored,KTGF148,-0.03949728771,0.001560035736,1.147532868,0.9207920792,1.316831683,-0.008525216428,0.69494365
672,Bored,KTGF150,0.06430961452,0.00413572652,1.832250763,1.607142857,3.357142857,-0.01430620447,0.6377244635
673,Bored,KTGF153,0.1137651534,0.01294251012,0.9689042833,0.7142857143,0.9387755102,0.002660661269,0.2646819485
674,Bored,KTGF154,0.1349385761,0.01820841931,0.9330531792,0.6352941176,0.8705882353,0.006379605083,0.2182135022
675,Bored,KTGF156,0.195924882,0.03838655939,1.030776406,0.7291666667,1.0625,0.02815662917,0.05573489886
676,Bored,KTGF157,0.377059033,0.1421735144,1.590789818,1.285714286,2.530612245,0.1332378218,0.0001296798368
677,Bored,KTGF158,0.129799843,0.01684799925,1.373799091,1.042253521,1.887323944,0.002599419528,0.2806450362
678,Bored,KTGF527,-0.06367765181,0.00405484334,1.39300976,1.035714286,1.94047619,-0.008090829302,0.564983609
679,Bored,KTGF528,0.2540039647,0.0645180141,1.109400392,0.8205128205,1.230769231,0.03923471718,0.1186749119
680,Bored,KTGF533,0.2851715455,0.08132281034,2.067057637,1.623376623,4.272727273,0.06907378115,0.01194127279
681,Bored,KTGF540,0.2898082351,0.08398881314,1.258305739,1.083333333,1.583333333,0.05704730765,0.08643790559
682,Bored,KTGF544,0.2547132611,0.06487884537,1.28290036,1.020833333,1.645833333,0.05493074798,0.0122648116
683,Bored,KTGF545,0.2857418482,0.08164840382,1.532970972,1.3,2.35,0.06987466541,0.0101892953
684,Bored,KTGF549,0.1302903525,0.01697557596,1.787300882,1.527777778,3.194444444,-0.0119369071,0.4488160769
685,Bored,KTGF550,0.1035463458,0.01072184573,1.261979632,0.962962963,1.592592593,0.001389032954,0.2862277974
686,Bored,KTGF553,-0.1773571386,0.0314555546,1.534548373,1.258064516,2.35483871,0.02081220905,0.08899004388
687,Bored,KTGF556,0.1769217588,0.03130130875,1.386317063,1.171875,1.921875,0.01567713631,0.1619515125
688,Bored,KTGF557,0.2618857283,0.06858413468,1.118033989,0.9078947368,1.25,0.0559974338,0.02229694797
689,Bored,KTGF561,0.1298152551,0.01685200046,1.26580912,0.9886363636,1.602272727,0.005420046976,0.2280213188
690,Bored,KTGF562,0.08642227424,0.007468809485,1.236245076,0.9433962264,1.528301887,-0.002074759655,0.3783874335
691,Bored,KTGF565,0.07747314169,0.006002087683,2.196835669,1.913043478,4.826086957,-0.01658877396,0.6088203457
692,Bored,KTGF570,0.2290717283,0.05247385672,1.060660172,0.7916666667,1.125,0.0318754623,0.1173189312
693,Bored,KTGF572,0.08625819492,0.00744047619,1.462166555,1.172413793,2.137931034,-0.01028380102,0.519689494
694,pa,K23101,0.2223334704,0.04943217206,2.117287411,1.935897436,4.482905982,0.03692470064,0.05041143842
695,pa,K23104,0.2195119911,0.04818551422,1.276085836,1.188888889,1.628395061,0.03736944051,0.03763658438
696,pa,K23106,0.2614841523,0.06837396192,1.329320886,1.121794872,1.767094017,0.04974144116,0.06114081416
697,pa,K23107,0.3525382529,0.1242832197,1.541880228,1.408045977,2.377394636,0.1086454201,0.006644722786
698,pa,K23109,0.2673331305,0.07146700267,1.301471152,1.140740741,1.69382716,0.06091549134,0.01085804158
699,pa,K23114,-0.5585520134,0.3119803517,1.859855996,1.535087719,3.459064327,0.2928686948,0.0002679772244
700,pa,K23115,0.3654683349,0.1335671038,1.157569364,0.9651741294,1.339966833,0.1202373669,0.002356834303
701,pa,K23117,0.3481155321,0.1211844237,0.8976975024,0.7472527473,0.8058608059,0.1113100914,0.0007213841796
702,pa,K23120,0.3850801409,0.1482867149,0.6247506625,0.4786324787,0.3903133903,0.1370799612,0.0004989752186
703,pa,K23121,0.08224261915,0.006763848404,1.010235681,0.8518518519,1.020576132,-0.01233684682,0.5543736554
704,pa,K23122,0.152601131,0.02328710518,0.778666706,0.6034482759,0.6063218391,-0.01288744648,0.4293646891
705,pa,K23125,0.4266914083,0.1820655579,1.135426485,0.9360730594,1.289193303,0.1705453545,0.0001669553447
706,pa,K23126,0.3473701407,0.1206660146,1.248422428,1.054054054,1.558558559,0.1084530426,0.002426593551
707,pa,K23128,0.3373674665,0.1138168075,1.099396237,0.943089431,1.208672087,0.09109416149,0.0309990329
708,pa,K23129,0.2978328955,0.08870443366,0.8991924202,0.7641025641,0.8085470085,0.07423942467,0.01597117643
709,pa,K23130,0.5078882836,0.2579505087,0.8319035353,0.6666666667,0.692063492,0.2354641604,0.001841800224
710,pa,K23131,0.3594024664,0.1291701328,1.2604607,1.08045977,1.588761175,0.1189250756,0.0006290169141
711,pa,K23133,0.4020902612,0.1616765781,0.632211482,0.4768518519,0.399691358,0.1497005292,0.0004632607557
712,pa,K23134,0.2585640945,0.06685539095,1.529298332,1.37398374,2.338753388,0.04292860611,0.1026142451
713,pa,K23136,0.5964397755,0.3557404058,0.7453559925,0.5968992248,0.5555555556,0.3400267572,2.43E-05
714,pa,K23139,0.3334458869,0.1111861595,1.142307686,0.9614325068,1.30486685,0.1037171356,0.000185948891
715,pa,K23141,0.1469453592,0.02159293858,0.9876583295,0.83982684,0.9754689759,0.008547511091,0.2022082872
716,pa,K23142,0.1720668094,0.02960698689,1.599253941,1.395061728,2.557613169,0.02045233582,0.0749664963
717,pa,K23143,0.1803431911,0.03252366659,1.655862416,1.538461539,2.741880342,0.02496525774,0.04004969028
718,pa,K23144,0.280395675,0.07862173453,0.8333333333,0.6854636591,0.6944444444,0.07158831266,0.001079318558
719,pa,K23145,0.2396271684,0.05742117981,0.9765775462,0.7944444444,0.9537037037,0.04116982085,0.06517354107
720,pa,K23147,0.06828840884,0.004663306782,1.123666438,0.9797979798,1.262626263,-0.02744432848,0.7057259746
721,pa,K23148,0.350782338,0.1230482486,1.593547596,1.460606061,2.53939394,0.1065019892,0.008646356517
722,pa,K23150,0.2762275613,0.07630166562,0.7302967433,0.5538461538,0.5333333333,0.0616397873,0.02592476417
723,pa,K23151,0.3579439816,0.128123894,1.56347192,1.435897436,2.444444445,0.1045596749,0.02526410041
724,pa,K23153,0.1655088277,0.02739317206,1.276569477,1.037037037,1.629629629,-0.001212911115,0.3347043885
725,pa,K23155,-0.101742583,0.01035155319,0.7725925345,0.5968992246,0.5968992244,-0.01378621381,0.5162096829
726,pa,K23156,0.06505625285,0.004232316034,0.8024583441,0.6287878788,0.643939394,-0.01947643835,0.6748097198
727,pa,K23502,0.3373892571,0.1138315108,1.900097463,1.755555556,3.610370371,0.1016922164,0.003075193755
728,pa,K23503,0.4171184987,0.173987842,1.562985085,1.420091324,2.442922374,0.1623538679,0.0002414234794
729,pa,K23507,0.1994843573,0.03979400881,1.627858685,1.474885845,2.649923897,0.02626998077,0.09064025789
730,pa,K23508,0.07669655296,0.005882361237,1.760654007,1.616959064,3.099902534,-0.01219250492,0.5706774638
731,pa,K23509,0.2991774109,0.08950712319,1.236543733,1.087121212,1.529040404,0.07891999671,0.004632056468
732,pa,K23510,-0.007647933456,5.85E-05,1.587800715,1.383333333,2.521111111,-0.0101449939,0.9398018654
733,pa,K23517,0.1690414524,0.02857501261,1.037803949,0.7955555556,1.077037037,0.01526782101,0.1471115227
734,pa,K23521,0.4728436542,0.2235811213,0.8550503559,0.7266666667,0.7311111111,0.207405728,0.0005252468087
735,pa,K23526,0.04827582962,0.002330555725,1.629344011,1.416666667,2.654761905,-0.009836144814,0.6627786807
736,pa,K23529,0.3167375911,0.1003227016,1.168649109,1.013888889,1.365740741,0.08076449946,0.02827901491
737,pa,K23531,0.2051127476,0.04207123923,1.961091058,1.838709678,3.845878137,0.009039213,0.2683330853
738,pa,K23532,0.299042108,0.08942618237,0.8327584225,0.6321839082,0.6934865903,0.05570122616,0.1150580468
739,pa,K23533,0.07972764827,0.006356497899,1.287403358,1.138888889,1.657407407,-0.007838409274,0.505582068
740,pa,K23536,0.4482172943,0.2008987429,1.762783993,1.655555556,3.107407407,0.187121135,0.0003289388567
741,pa,K23537,0.5043836553,0.2544028717,0.9485559836,0.7934782608,0.899758454,0.2461184592,2.96E-07
742,pa,K23540,0.4770214399,0.2275494541,1.116327624,0.7973856209,1.246187364,0.2117851573,0.0004014304155
743,pa,K23541,0.2962440918,0.0877605619,1.459832563,1.286666667,2.131111112,0.06875557361,0.0367146359
744,pa,K23548,0.5514233896,0.3040677546,1.411717155,1.227513228,1.992945327,0.2926590293,2.82E-06
745,pa,K23551,0.2419278441,0.05852908173,1.328463328,1.016666667,1.764814815,0.04229682452,0.06255888712
746,pa,K23552,0.3393134008,0.1151335839,1.117493745,0.8768115942,1.248792271,0.09502298357,0.02105984655
747,pa,K23555,0.3492676025,0.1219878582,1.883746501,1.735449735,3.548500882,0.1075942165,0.005021407669
748,pa,K23556,-0.2060106635,0.04244039348,0.8016499502,0.5945945945,0.6426426426,0.01508154758,0.221224956
749,pa,K23557,0.4410915637,0.1945617675,1.199809353,1.014705882,1.439542484,0.182358158,0.000166611849
750,pa,K23559,0.4339067073,0.1882750306,0.9982978712,0.806122449,0.9965986396,0.1798195622,8.06E-06
751,pa,K23563,0.2977746952,0.08866976911,1.021980648,0.8222222222,1.044444444,0.06747604281,0.04696184074
752,pa,K23565,0.4012061886,0.1609664057,1.363128629,1.174358974,1.858119658,0.1476484122,0.0009256543868
753,pa,KTFG534,0.5882952431,0.346091293,0.8298726943,0.6486486486,0.6886886887,0.3400921305,1.13E-11
754,pa,KTGF118,0.1407371161,0.01980693584,0.7642539397,0.6351351353,0.5840840843,0.006193143282,0.23168925
755,pa,KTGF119,0.4057064856,0.1645977525,0.7676103107,0.6464646464,0.5892255892,0.1515445924,0.0007259265679
756,pa,KTGF120,0.5004742265,0.2504744514,1.176895796,1.00456621,1.385083714,0.2399177535,6.52E-06
757,pa,KTGF122,0.3752067476,0.1407801035,0.8040302522,0.6590909091,0.6464646465,0.1307891744,0.0003158246158
758,pa,KTGF124,0.2062867465,0.04255422177,1.143028175,0.9770114942,1.30651341,0.02545697573,0.1202808444
759,pa,KTGF125,0.300423445,0.09025424629,0.6433656922,0.5091575092,0.4139194139,0.08003238388,0.003811024367
760,pa,KTGF126,0.05504156705,0.003029574104,1.131989826,0.9746376812,1.281400966,-0.008047875073,0.6022851776
761,pa,KTGF127,0.1801941599,0.03246993525,1.661101821,1.333333333,2.75925926,0.004013168638,0.2929612744
762,pa,KTGF129,0.3724834896,0.13874395,1.312334646,1.125,1.722222222,0.1295816516,0.0001860862542
763,pa,KTGF130,0.09153925233,0.008379434717,1.388333222,1.189814815,1.927469136,-0.005786573359,0.4444204582
764,pa,KTGF136,0.3320590051,0.1102631828,1.708322963,1.544217687,2.918367347,0.09133261226,0.01975453057
765,pa,KTGF138,0.3930042294,0.1544523243,0.7185679297,0.5686274511,0.5163398695,0.1280289594,0.02148995393
766,pa,KTGF142,0.2821145778,0.07958863503,1.668685646,1.545454546,2.784511785,0.04989794583,0.1116909744
767,pa,KTGF143,0.4135298738,0.1710069565,0.7767850808,0.6157407408,0.6033950618,0.1591641987,0.0003055475721
768,pa,KTGF146,0.2733745776,0.07473365969,1.383490557,1.050314465,1.914046122,0.05659118243,0.04763086911
769,pa,KTGF147,0.2344484621,0.0549660814,0.9367809134,0.7390350878,0.8775584796,0.04219535277,0.04149922434
770,pa,KTGF148,0.1460860317,0.02134112866,0.9322483085,0.7590759075,0.8690869087,0.01145568551,0.1449219677
771,pa,KTGF150,0.2875765817,0.08270029035,0.9258200997,0.7976190475,0.857142857,0.06571325869,0.03162544231
772,pa,KTGF153,0.2681440129,0.07190121167,1.044909917,0.880952381,1.091836735,0.06223351595,0.007596290413
773,pa,KTGF154,0.1676367722,0.0281020874,1.206734913,1.058823529,1.45620915,0.016392474,0.1251465485
774,pa,KTGF156,0.2744693557,0.0753334272,1.035816908,0.8854166666,1.072916667,0.06549654877,0.006805974014
775,pa,KTGF157,0.5355756603,0.2868412879,0.8261595987,0.6870748299,0.6825396825,0.2794125513,1.33E-08
776,pa,KTGF158,0.4511714131,0.203555644,1.134189127,0.9389671361,1.286384976,0.1920129722,7.85E-05
777,pa,KTGF527,0.3437803917,0.1181849577,0.968416588,0.7738095238,0.9378306879,0.1074311157,0.001365848283
778,pa,KTGF528,0.3432391607,0.1178131214,0.9291113298,0.7264957265,0.8632478632,0.09397023281,0.03241509304
779,pa,KTGF533,0.2913986219,0.08491315683,1.215579482,1.038961039,1.477633478,0.07271199892,0.01013318491
780,pa,KTGF540,0.06369835936,0.004057480986,1.833333333,1.694444444,3.361111111,-0.02523494604,0.712070192
781,pa,KTGF544,0.5259333132,0.2766058499,1.186342028,1.034722222,1.407407408,0.2689101675,3.74E-08
782,pa,KTGF545,0.3612395159,0.1304939879,1.688194302,1.575,2.85,0.1193464749,0.0009944520535
783,pa,KTGF549,0.339254776,0.1150938031,1.61875581,1.435185185,2.620370371,0.08906715021,0.04295314615
784,pa,KTGF550,0.2178184702,0.04744488597,1.680498162,1.558641975,2.824074074,0.03845851697,0.02353975685
785,pa,KTGF553,0.1757205646,0.03087771682,1.560795067,1.458781362,2.436081243,0.0202280214,0.09202609458
786,pa,KTGF556,0.4970259476,0.2470347926,1.101608672,0.9322916666,1.213541667,0.2348901924,2.94E-05
787,pa,KTGF557,0.5390898105,0.2906178238,1.06650218,0.8508771931,1.137426901,0.2810315782,5.06E-07
788,pa,KTGF561,0.2669448677,0.07125956238,1.560238262,1.393939394,2.434343434,0.06046025496,0.01193158553
789,pa,KTGF562,0.2913500127,0.08488482992,1.070864382,0.8805031447,1.146750524,0.07608564559,0.002444817384
790,pa,KTGF565,0.1095726635,0.01200616859,1.399620376,1.282608696,1.958937198,-0.01044823667,0.4685177635
791,pa,KTGF570,0.2973543797,0.0884196271,0.8416254116,0.6666666667,0.7083333334,0.06860266248,0.04012013095
792,pa,KTGF572,0.1735574503,0.03012218855,1.096843259,0.9310344828,1.203065134,0.01280294192,0.1926040441
793,na,K23101,0.2503034678,0.062651826,1.764641639,1.623931624,3.113960114,0.0503182974,0.02708839984
794,na,K23104,0.1986074003,0.03944489945,0.6045098004,0.3777777778,0.3654320987,0.02852950058,0.06057873213
795,na,K23106,0.117751885,0.01386550641,0.8927533517,0.75,0.797008547,-0.005857183457,0.4057603778
796,na,K23107,0.5310171087,0.2819791697,0.8959252159,0.775862069,0.8026819924,0.2691573692,1.80E-05
797,na,K23109,0.3664941485,0.1343179609,0.7252075055,0.5703703705,0.525925926,0.124480665,0.0003812612747
798,na,K23114,-0.4756374985,0.22623103,1.668639184,1.24122807,2.784356725,0.2047374475,0.002543898095
799,na,K23115,0.4063995327,0.1651605802,0.5759122838,0.4676616916,0.3316749586,0.1523168968,0.0006437597989
800,na,K23117,0.3389284644,0.114872504,0.8091735938,0.6428571429,0.6547619048,0.1049272512,0.001015067013
801,na,K23120,0.3320441756,0.1102533346,0.7396002617,0.6410256411,0.5470085471,0.09854614161,0.002978554439
802,na,K23121,0.2509657753,0.06298382036,0.6849348892,0.5432098766,0.4691358024,0.04496427844,0.06717837064
803,na,K23122,0.2885557884,0.08326444302,0.8022955571,0.6206896551,0.6436781609,0.04931127424,0.1289969298
804,na,K23125,0.3640835439,0.1325568269,0.8715003945,0.7442922375,0.7595129376,0.1203393174,0.001542984064
805,na,K23126,0.5489031292,0.3012946453,0.713448673,0.5720720721,0.509009009,0.2915904042,4.11E-07
806,na,K23128,0.1537603245,0.02364223738,0.7980328118,0.6585365854,0.6368563687,-0.001392577049,0.3371443063
807,na,K23129,0.03364142509,0.001131745482,1.039394959,0.9128205128,1.08034188,-0.01472330618,0.7902095819
808,na,K23130,0.1411287616,0.01991732735,0.8067178261,0.7142857143,0.6507936509,-0.009782147583,0.4187073247
809,na,K23131,0.2646530826,0.07004125411,0.6938886666,0.5402298851,0.4814814816,0.05910056298,0.01324342118
810,na,K23133,0.1132638351,0.01282869634,0.9828781119,0.8888888889,0.9660493828,-0.001273750859,0.3434817216
811,na,K23134,0.2929630133,0.08582732717,0.8263938706,0.6341463415,0.6829268293,0.06238700223,0.0630433774
812,na,K23136,0.5225767284,0.2730864371,0.9036246276,0.8062015503,0.8165374676,0.255356838,0.0003246389542
813,na,K23139,0.2992491748,0.0895500686,0.7316785738,0.5041322314,0.5353535353,0.08189922884,0.000855074952
814,na,K23141,NA,NA,0.4462445507,0.1818181818,0.1991341991,NA,NA
815,na,K23142,0.3378432903,0.1141380888,0.5710794054,0.2932098765,0.3261316872,0.1057809009,0.0003490843173
816,na,K23143,0.1005131805,0.01010289945,0.8258639609,0.7076923076,0.682051282,0.002369328347,0.2551863636
817,na,K23144,0.01080817482,0.000116816643,0.8776439944,0.7719298247,0.7702589809,-0.007515879413,0.9017325756
818,na,K23145,0.5711715037,0.3262368867,0.7503085786,0.6444444445,0.5629629631,0.3146202813,1.88E-06
819,na,K23147,0.216480963,0.04686400735,0.9847319279,0.8686868688,0.9696969698,0.01611768501,0.2262595571
820,na,K23148,0.4394553068,0.1931209667,1.016033086,0.9272727274,1.032323233,0.177896834,0.0007885644143
821,na,K23150,0.2579748511,0.06655102378,0.8692269875,0.7692307694,0.7555555557,0.05173437336,0.03800839814
822,na,K23151,0.3792598712,0.1438380499,0.8059606998,0.6495726496,0.6495726497,0.1206985377,0.01725913133
823,na,K23153,0.09664196839,0.009339670053,0.9145598685,0.7314814814,0.836419753,-0.01979739847,0.5750000154
824,na,K23155,0.3325620834,0.1105975393,0.8228016675,0.5581395348,0.677002584,0.08890479635,0.0293365648
825,na,K23156,0.01701530032,0.0002895204449,0.9653072991,0.8712121212,0.9318181817,-0.02351311002,0.9127065194
826,na,K23502,0.3508045638,0.123063842,0.7601169501,0.5866666667,0.5777777778,0.1110510179,0.002030538063
827,na,K23503,0.3257460293,0.1061104756,0.6551516956,0.5205479452,0.4292237443,0.09352048233,0.004919147749
828,na,K23507,0.07823591257,0.006120858015,1.009091096,0.8264840183,1.01826484,-0.007877439759,0.5105894063
829,na,K23508,0.2206722497,0.04869624179,1.157230006,0.9883040935,1.339181287,0.03139980983,0.09903846046
830,na,K23509,0.450426148,0.2028837148,0.587108993,0.4431818182,0.3446969697,0.1936149208,1.07E-05
831,na,K23510,0.2622761692,0.06878878894,0.6920179831,0.5433333334,0.478888889,0.05928663372,0.008386392798
832,na,K23517,0.1837667735,0.03377022703,1.035660462,0.7911111112,1.072592593,0.02053420274,0.1145174815
833,na,K23521,0.2949158329,0.08697534848,1.365650028,1.15,1.865,0.06795400157,0.03760669378
834,na,K23526,0.3414586678,0.1165940218,0.9414050065,0.7857142858,0.8862433863,0.1058207782,0.001479142232
835,na,K23529,0.3314508183,0.109859645,0.6631853549,0.5000000001,0.439814815,0.0905087677,0.0213744867
836,na,K23531,0.5455469997,0.2976215289,0.5219209074,0.4086021505,0.2724014336,0.2734015816,0.001502702216
837,na,K23532,0.3410759592,0.11633281,0.6920456656,0.5632183909,0.4789272032,0.08360439553,0.07018873741
838,na,K23533,0.1200717666,0.01441722914,0.7264831573,0.5648148149,0.5277777779,0.0003374752689,0.3150644768
839,na,K23536,0.369765455,0.1367264917,0.966091783,0.8666666667,0.9333333333,0.1218424657,0.003640245996
840,na,K23537,0.3156927094,0.09966188677,0.715595762,0.5869565217,0.5120772946,0.08965812995,0.002173698582
841,na,K23540,0.2190007679,0.04796133634,1.003262652,0.8235294118,1.006535948,0.02853197586,0.1225845341
842,na,K23541,0.3261031401,0.106343258,0.9706813186,0.7733333333,0.9422222223,0.08772540919,0.02082456045
843,na,K23548,0.4348435681,0.1890889287,0.7879157871,0.634920635,0.6208112875,0.1757953046,0.0003690199961
844,na,K23551,0.2973423584,0.08841247812,1.00185014,0.6111111111,1.003703704,0.07269545188,0.02104334341
845,na,K23552,0.2404035969,0.05779388941,0.6915640749,0.5797101449,0.4782608696,0.03638011417,0.1075452911
846,na,K23555,0.3272247672,0.1070760482,0.6143492852,0.4867724869,0.3774250442,0.09243795068,0.00885110403
847,na,K23556,0.3462713628,0.1199038567,0.92998111,0.8108108108,0.864864865,0.09475825261,0.03577864048
848,na,K23557,0.3531110526,0.1246874155,0.717430054,0.544117647,0.5147058824,0.1114251036,0.003140648037
849,na,K23559,0.4428118947,0.1960823741,0.85183542,0.7142857143,0.7256235828,0.1877082322,4.98E-06
850,na,K23563,0.218681768,0.04782171564,0.7841012784,0.5999999999,0.6148148148,0.02567803461,0.1489597625
851,na,K23565,0.3370075954,0.1135741194,1.336534618,1.225641026,1.786324786,0.09950386731,0.006048800201
852,na,KTFG534,0.5851839341,0.3424402367,0.7290620903,0.5675675675,0.5315315315,0.3364075783,1.53E-11
853,na,KTGF118,0.4177098714,0.1744815366,0.8844672308,0.7612612613,0.7822822823,0.1630160024,0.0002131411101
854,na,KTGF119,NA,NA,0.3914059953,0.1969696969,0.1531986532,NA,NA
855,na,KTGF120,0.2787259803,0.07768817208,0.7664978969,0.6575342466,0.5875190259,0.06469786464,0.01694670231
856,na,KTGF122,0.4015208505,0.1612189934,0.7282190812,0.5227272727,0.5303030303,0.1514657259,0.0001056517657
857,na,KTGF124,-0.00783154418,6.13E-05,0.7681395149,0.6321839081,0.5900383143,-0.01779471454,0.9534732106
858,na,KTGF125,0.1988533369,0.03954264961,0.9125364829,0.7692307692,0.8327228327,0.02875099398,0.05880683066
859,na,KTGF126,-0.09269375376,0.008592131986,0.705396726,0.5434782609,0.4975845411,-0.002423510992,0.3794960798
860,na,KTGF127,0.4004267468,0.1603415795,0.673575314,0.4907407407,0.4537037036,0.1356457436,0.01552062296
861,na,KTGF129,0.2892065231,0.08364041301,0.8014743359,0.6493055556,0.6423611112,0.07389190676,0.004265174709
862,na,KTGF130,0.05811520886,0.003377377501,1.039349274,0.8333333334,1.080246914,-0.01086008854,0.6277446755
863,na,KTGF136,-0.26990734,0.07284997218,1.275977239,1.115646259,1.628117914,0.05312337584,0.06071678979
864,na,KTGF138,0.2950506809,0.08705490427,0.7409585736,0.5882352941,0.5490196078,0.05852537003,0.09026101901
865,na,KTGF142,0.3219715727,0.1036656936,1.013378521,0.9191919192,1.026936027,0.07475168371,0.06765889694
866,na,KTGF143,0.1678516237,0.02817416759,1.065740339,0.9722222222,1.135802469,0.01429094142,0.1587279331
867,na,KTGF146,0.1860297407,0.03460706444,0.885475627,0.6540880503,0.7840670859,0.01567779119,0.1823025819
868,na,KTGF147,0.1806604649,0.03263820358,0.7029594917,0.5964912282,0.494152047,0.01956574687,0.1183492754
869,na,KTGF148,0.1980407807,0.03922015083,0.8104108073,0.7227722773,0.6567656767,0.02951530387,0.04711993886
870,na,KTGF150,0.1169950163,0.01368783385,0.8602786555,0.7202380953,0.7400793652,-0.004577206264,0.3904959183
871,na,KTGF153,0.1565479799,0.02450727,0.8978432208,0.7721088436,0.8061224491,0.0143458874,0.1237140958
872,na,KTGF154,0.1280674572,0.01640127359,0.8463686368,0.7450980392,0.7163398693,0.004550686528,0.2427831642
873,na,KTGF156,0.4383220564,0.1921262252,0.8559432743,0.7326388889,0.7326388889,0.1835318233,7.95E-06
874,na,KTGF157,0.2318267405,0.0537436376,1.001133145,0.8231292518,1.002267574,0.04388680049,0.02162401546
875,na,KTGF158,0.5266721703,0.277383575,0.7208063648,0.6009389672,0.5195618155,0.2669108732,2.38E-06
876,na,KTGF527,0.3479751922,0.1210867344,0.8221471437,0.6626984126,0.6759259258,0.1103682799,0.001180881903
877,na,KTGF528,0.2742957695,0.07523816915,1.162078892,0.8717948717,1.35042735,0.05024460616,0.0910609
878,na,KTGF533,0.3867042474,0.149540175,0.8408749652,0.683982684,0.7070707071,0.1382007106,0.0005127452677
879,na,KTGF540,-0.1949800435,0.03801721738,0.8050764859,0.6111111111,0.6481481481,0.009723606125,0.2544646396
880,na,KTGF544,0.4115058759,0.1693370859,1.056286297,0.9305555557,1.115740741,0.1605002464,3.11E-05
881,na,KTGF545,0.2856073573,0.08157156254,0.9105858919,0.7624999999,0.8291666665,0.06979683898,0.01022647626
882,na,KTGF549,0.1300644664,0.01691676543,1.071516751,0.9629629629,1.148148148,-0.01199744735,0.4496096975
883,na,KTGF550,0.177507081,0.0315087638,0.8271374605,0.5956790124,0.6841563786,0.02237205402,0.06608211907
884,na,KTGF553,0.3625077856,0.1314118946,0.7721248746,0.6559139785,0.596176822,0.1218669704,0.0003557756449
885,na,KTGF556,0.4903497905,0.2404429171,0.8068715305,0.6510416667,0.6510416667,0.2281919964,3.90E-05
886,na,KTGF557,0.4987345318,0.2487361332,0.6796972151,0.5438596492,0.4619883042,0.2385839187,4.53E-06
887,na,KTGF561,0.0231972266,0.000538111322,0.7857634774,0.6628787879,0.6174242424,-0.01108353855,0.8301363566
888,na,KTGF562,0.3397735232,0.1154460471,0.7516578463,0.5817610064,0.564989518,0.1069407206,0.0003661833132
889,na,KTGF565,-0.007123394736,5.07E-05,0.6197241088,0.4710144927,0.384057971,-0.02267537673,0.9625258493
890,na,KTGF570,0.05923688836,0.003509008942,0.7607257744,0.638888889,0.5787037039,-0.01815383869,0.6892017654
891,na,KTGF572,0.3015319479,0.09092151561,0.6836906831,0.5287356322,0.4674329502,0.07468797124,0.02143508716